Core Temperatures (avg) [째C],CPU Core [째C],CPU Package Power [W],Total CPU Utility [%],GPU Temperature [째C],GPU Hot Spot Temperature [째C],GPU Power [W],GPU Utilization [%],GPU Memory Usage [%],Physical Memory Load [%],Virtual Memory Load [%],Charge Level [%],Wear Level [%],GPU Bus Load [%],Framerate Displayed (avg) [FPS],Frame Time Presented (avg) [ms],Label
45.5,46.8,13.045,6.0,44.7,48.3,18.021,0.0,16.6,29.7,40.7,97,9,0,24.6,40.6,0
71.17557209499357,52.4,42.78251189629624,27.2,66.9,75.9,30.28985989921437,66.00846015324886,16.0,59.6,88.6,97,9,35,47.8,49.61,1
70.39830375698271,50.1,24.416954903162893,11.4,70.9,77.4,36.16157650265332,68.81733079806796,17.6,63.2,78.4,97,9,38,127.80000000000001,38.61,1
66.84507706893312,45.4,15.32528344461458,5.8,62.5,65.3,34.85192904105182,60.39071886361066,16.7,74.7,82.8,97,9,46,0.0,63.96,1
77.94891046908812,48.6,19.821631053468643,8.5,66.1,74.4,34.99697858150215,66.00846015324886,16.3,71.3,82.2,97,9,30,3.8000000000000007,65.66,1
75.06191378504782,42.7,8.219938621199228,2.3,57.7,62.8,25.700366927548842,81.45724869975392,16.9,88.4,78.4,97,9,44,56.599999999999994,41.07,1
73.95153044503232,43.8,15.881006898826595,4.7,68.0,67.2,32.60458800327731,47.75080096192471,14.9,87.3,79.0,97,9,56,135.7,28.48,1
84.94432551118578,49.4,16.784176346509234,4.5,71.6,69.0,34.77193617467516,81.45724869975392,16.1,75.6,89.5,97,9,40,0.0,64.0,1
43.4,46.1,10.195,6.3,42.9,46.8,16.562,0.0,16.2,29.3,40.3,97,9,0,33.0,30.51,0
75.95022045706023,42.4,8.67560748490063,2.2,57.5,71.7,25.16254181757622,63.19958950842976,16.9,79.4,89.4,97,9,50,28.599999999999994,26.07,1
43.8,44.8,6.976,2.7,45.0,48.7,16.36,0.0,17.9,30.8,42.2,97,9,0,18.6,52.35,0
51.9,56.9,24.888,15.5,48.3,50.8,21.601,0.0,16.9,31.3,42.6,97,9,1,154.9,3.68,0
83.83394217117028,57.1,51.757704769694755,22.4,65.0,66.9,63.39246207865995,49.15523628433426,14.7,75.6,91.2,97,9,44,73.1,29.42,1
41.4,42.4,4.622,2.4,42.4,46.5,15.752,0.0,16.5,29.7,40.7,97,9,0,9.2,69.38,0
74.95087545104627,46.8,24.228446567013737,6.0,66.7,67.3,32.9974602670652,73.03063676529662,16.6,65.7,88.7,97,9,45,0.0,61.6,1
66.40092373292691,43.8,12.878190180018814,3.9,61.8,75.1,36.31453079373742,53.36854225156291,14.4,87.5,75.2,97,9,51,126.19999999999999,31.11,1
80.61383048512532,60.9,44.692799234511185,21.2,76.2,69.3,42.56518072007667,66.00846015324886,17.0,89.7,72.8,97,9,49,96.19999999999999,20.48,1
70.17622708897963,42.2,11.912524591575767,2.4,71.1,72.3,29.12519718337195,58.98628354120111,16.9,84.3,86.4,97,9,36,0.0,39.05,1
67.95546040894862,43.1,9.876676866846234,2.5,63.1,65.2,26.47497998565749,70.22176612047751,16.9,63.4,83.4,97,9,55,50.5,33.18,1
81.05798382113153,63.7,63.98262290089792,27.4,77.7,76.5,62.47179765043121,60.39071886361066,15.2,78.1,88.3,97,9,38,64.9,30.7,1
44.6,46.4,9.754,5.5,45.2,48.8,17.036,0.0,18.3,31.0,42.5,97,9,0,15.6,64.82,0
79.05929380910362,52.9,42.20118725347183,18.5,60.0,69.0,43.19219017025625,58.98628354120111,16.5,72.6,74.6,97,9,55,117.69999999999999,17.15,1
47.4,51.5,16.158,16.6,45.7,48.9,15.736,0.0,14.2,29.7,40.1,97,9,0,7.2,107.74,0
41.1,42.2,5.423,2.8,42.0,46.1,15.714,0.0,16.9,29.3,40.4,97,9,1,2.4,13.05,0
41.9,43.2,7.478,5.7,42.3,46.4,16.446,0.0,16.3,29.9,41.0,97,9,0,8.0,121.41,0
52.1,56.5,22.437,13.6,49.5,52.4,20.322,0.0,16.1,31.7,42.3,97,9,0,38.0,26.02,0
78.28202547109277,43.4,15.39535892257759,4.3,57.8,66.6,27.844495004300388,51.96410692915336,14.9,67.3,94.0,97,9,57,0.0,65.4,1
44.5,46.0,9.507,5.3,46.6,48.4,20.267,0.0,16.2,29.4,40.4,97,9,0,165.0,6.06,0
41.1,42.2,5.553,2.3,42.1,46.1,15.46,0.0,16.9,29.3,40.4,97,9,0,2.4,13.05,0
54.2,61.2,34.213,28.4,47.2,49.3,20.285,0.0,18.9,30.6,42.5,97,9,0,165.9,3.21,0
78.17098713709123,54.2,28.176030964591078,12.0,61.0,74.2,25.974121574241902,46.346365639515156,14.3,83.2,86.7,97,9,31,35.6,28.85,1
86.38782385320592,56.6,35.03491213390972,18.6,64.3,74.8,35.83364970654852,81.45724869975392,14.6,73.3,93.9,97,9,32,0.0,73.24000000000001,1
87.72028386122453,68.3,54.57694143235162,24.3,67.5,77.2,32.347844560417784,44.94193031710561,15.0,80.0,77.0,97,9,46,84.7,18.08,1
44.8,46.1,9.816,5.8,44.8,48.7,18.793,0.0,18.1,30.9,42.3,97,9,1,20.8,48.1,0
74.50672211504006,52.0,30.785602725077176,8.1,66.6,74.8,32.76000482886948,63.19958950842976,14.9,78.6,86.0,97,9,42,0.0,71.22,1
47.2,48.6,13.203,8.5,46.1,50.4,18.271,0.0,16.3,31.3,42.2,97,9,0,25.8,38.66,0
55.9,63.5,30.075,21.6,51.3,52.5,21.57,0.0,15.1,31.6,42.1,97,9,1,165.0,6.06,0
49.2,52.9,22.521,18.5,45.0,48.0,21.834,0.0,16.5,29.6,40.6,97,9,0,162.7,6.15,0
69.84311208697497,43.7,12.547525705353838,3.6,70.8,69.8,26.923911345608026,42.13305967228651,16.3,80.6,79.7,97,9,37,0.0,142.73000000000002,1
75.95022045706023,42.4,10.765815175213547,2.1,70.4,75.3,29.247695496551213,46.346365639515156,16.9,64.3,79.4,97,9,49,29.599999999999994,40.07,1
80.50279215112377,65.3,60.193329319609454,31.4,75.2,66.6,40.08585648583962,68.81733079806796,15.5,86.3,99.2,97,9,54,135.1,36.25,1
75.06191378504782,53.5,24.27468626701347,14.0,61.2,78.5,33.869501909142066,80.05281337734436,14.7,84.3,91.9,97,9,45,3.5,63.18,1
42.1,43.4,8.497,5.5,42.5,46.6,19.236,0.0,16.3,29.9,40.9,97,9,0,11.7,86.94,0
73.06322377301991,55.1,38.08625372699939,23.9,72.4,72.2,31.425715408617464,51.96410692915336,14.2,70.5,85.9,97,9,50,28.799999999999997,47.93,1
63.40288871488507,43.6,10.78695576978484,4.1,61.8,72.6,27.523673461587002,50.55967160674381,16.2,79.3,97.2,97,9,49,0.0,74.43,1
46.5,48.9,15.195,12.8,45.2,48.7,20.241,0.0,16.8,30.3,41.4,97,9,1,99.6,10.13,0
41.9,43.0,5.205,2.3,43.0,46.8,15.704,0.0,16.9,29.4,40.4,97,9,0,76.6,13.07,0
47.7,53.2,15.839,14.5,46.2,49.4,18.716,0.0,14.6,29.3,39.8,97,9,0,25.2,39.71,0
71.61972543099976,42.5,11.40935027691342,2.2,71.5,64.5,26.98456288704654,51.96410692915336,16.9,85.4,94.4,97,9,50,38.599999999999994,34.07,1
49.7,57.6,25.879,18.8,45.2,46.9,18.425,0.0,15.7,29.9,41.0,97,9,0,159.9,5.53,0
68.95480541496258,45.2,14.277487261872336,5.2,61.7,71.6,36.10009328138736,56.17741289638201,16.6,72.7,90.8,97,9,54,5.399999999999999,53.31,1
75.28399045305092,43.4,13.677431609921378,5.8,71.1,69.1,24.08066558041027,73.03063676529662,17.5,76.2,87.4,97,9,37,0.0,61.91,1
77.72683380108502,50.8,28.729539118233664,6.8,66.9,75.7,28.31497610285907,58.98628354120111,14.9,73.6,91.0,97,9,32,2.5,55.74,1
94.04946889931288,68.9,84.80361683470262,50.3,70.7,65.8,39.228171405009064,56.17741289638201,15.5,70.0,76.8,97,9,57,71.8,20.6,1
74.61776044904163,54.0,38.9971774153747,16.1,72.1,73.8,61.574278762665415,53.36854225156291,15.1,62.7,92.4,97,9,37,56.900000000000006,41.39,1
74.17360711303542,48.4,16.838617877372492,7.8,65.9,68.4,30.381080338237474,58.98628354120111,15.7,72.7,93.5,97,9,41,0.0,126.82,1
78.61514047309743,53.6,25.746270212953366,14.9,75.2,69.7,29.117730089905514,56.17741289638201,14.6,86.3,86.8,97,9,50,0.0,58.7,1
48.5,49.4,8.737,4.5,50.6,53.0,17.444,0.0,16.1,31.6,42.5,97,9,0,8.6,40.0,0
80.39175381712224,60.0,40.63963674726023,18.0,66.7,67.1,35.557020751950596,43.53749499469606,15.1,76.0,94.8,97,9,51,127.4,30.65,1
80.83590715312842,46.6,13.6543671574737,3.8,63.4,67.7,29.620686835201486,49.15523628433426,16.7,62.3,89.2,97,9,45,5.5,57.99,1
48.2,53.9,16.767,11.4,46.1,48.8,17.006,0.0,14.3,29.2,40.1,97,9,0,66.4,15.2,0
47.7,48.8,9.587,5.6,48.4,52.2,17.663,0.0,16.0,31.4,42.1,97,9,0,4.1,40.04,0
45.4,47.4,11.96,8.0,45.1,48.8,19.196,0.0,18.1,31.0,42.5,97,9,1,14.5,70.08,0
53.7,61.3,28.914,22.9,48.4,52.6,38.046,0.0,15.9,30.0,41.1,97,9,0,162.3,4.25,0
43.8,44.8,8.339,4.8,44.3,47.9,16.0,0.0,17.1,29.6,40.8,97,9,0,24.0,41.71,0
47.6,53.2,15.597,13.9,46.1,49.4,18.587,0.0,14.6,29.3,39.9,97,9,0,25.3,39.51,0
54.8,62.8,28.689,21.1,50.8,51.4,20.826,0.0,15.1,30.4,41.1,97,9,0,154.8,3.9,0
66.73403873493157,43.4,11.807000134640917,3.8,61.7,67.8,23.930322037699497,54.77297757397246,16.2,86.3,83.2,97,9,43,0.0,72.87,1
47.8,52.3,18.665,11.6,44.8,48.9,17.412,0.0,16.8,30.8,42.0,97,9,0,36.6,27.56,0
75.72814378905713,56.1,31.119978178981803,16.6,77.4,69.1,27.099645468085466,53.36854225156291,15.9,65.3,81.1,97,9,38,0.0,56.04,1
81.83525215914237,64.2,51.11406289902206,25.1,67.0,72.6,35.94415705355196,73.03063676529662,15.1,63.6,97.1,97,9,56,123.69999999999999,19.23,1
89.60793553925087,63.3,57.335620950177564,27.3,71.0,75.0,40.19071170994739,71.62620144288707,16.9,88.7,83.7,97,9,40,96.19999999999999,42.09,1
75.72814378905713,53.9,26.54396707341122,11.4,67.1,66.8,29.59812527881072,42.13305967228651,14.3,66.2,70.1,97,9,46,19.400000000000006,34.2,1
42.5,43.9,7.755,4.8,43.4,47.3,21.832,0.0,18.4,29.8,41.3,97,9,0,28.3,33.98,0
77.50475713308192,49.7,25.161621596610324,10.1,63.5,69.0,66.54872818774955,49.15523628433426,17.3,62.8,77.1,97,9,54,15.799999999999997,45.94,1
44.4,45.9,9.71,8.1,45.1,48.2,19.075,0.0,16.0,29.4,40.5,97,9,0,163.5,6.13,0
44.9,47.0,11.528,9.7,44.8,48.6,19.394,0.0,16.5,29.4,40.6,97,9,0,163.0,6.13,0
88.38651386523382,61.0,49.627543144291,20.1,79.3,81.5,54.1703646847002,42.13305967228651,17.1,62.7,74.8,97,9,55,98.4,21.54,1
48.3,49.8,14.113,7.1,48.0,51.6,19.536,0.0,15.9,31.6,42.2,97,9,1,43.6,23.27,0
51.8,55.8,23.148,15.6,48.4,52.8,38.466,0.0,16.3,31.9,42.6,97,9,0,43.1,22.96,0
42.7,43.6,6.483,2.2,43.7,47.8,15.851,0.0,17.5,29.4,40.6,97,9,0,76.5,13.18,0
43.4,45.8,11.755,8.4,42.6,46.5,17.317,0.0,16.1,30.0,40.9,97,9,0,24.2,30.68,0
71.17557209499357,48.2,13.85258705299073,4.2,77.9,78.2,33.30820523664123,43.53749499469606,16.3,61.2,95.0,97,9,54,0.0,74.02000000000001,1
77.50475713308192,49.5,24.90954862852931,7.2,62.1,75.8,34.971907357542285,44.94193031710561,18.8,69.8,100.1,97,9,56,0.0,75.21000000000001,1
43.7,44.8,7.923,4.0,44.5,48.2,18.43,0.0,18.8,30.8,42.4,97,9,0,37.4,27.09,0
46.0,48.3,13.11,9.6,45.6,48.3,16.344,0.0,16.8,30.3,41.5,97,9,0,43.7,23.09,0
78.05994880308967,45.6,19.605259825315297,7.1,67.0,64.8,37.99698417338348,53.36854225156291,16.0,74.4,95.4,97,9,56,124.5,17.15,1
80.50279215112377,63.7,49.348878424042084,26.0,72.1,78.2,37.42731250301166,47.75080096192471,15.3,81.6,78.3,97,9,38,130.2,35.09,1
49.4,51.8,15.464,9.9,47.8,51.7,20.27,0.0,15.9,31.7,42.3,97,9,0,37.5,26.5,0
54.2,58.4,23.521,20.3,50.0,53.4,18.641,0.0,16.3,31.7,42.6,97,9,0,10.8,40.0,0
50.5,56.6,22.587,17.8,48.3,49.7,18.942,0.0,15.4,30.0,40.9,97,9,0,154.7,3.57,0
47.0,50.3,14.254,14.9,45.9,48.8,15.254,0.0,14.2,29.8,40.1,97,9,0,6.0,136.58,0
71.06453376099202,52.8,28.421491582102526,11.6,65.7,72.5,36.38361262401042,64.60402483083931,16.5,67.7,98.7,97,9,44,0.0,81.03,1
47.8,49.7,13.384,10.1,48.5,52.0,34.78,0.0,17.3,31.8,43.1,97,9,0,38.8,25.94,0
70.06518875497807,54.1,38.52553142571349,15.4,68.4,67.9,56.652997548741276,71.62620144288707,15.5,87.6,95.0,97,9,35,88.5,37.83,1
74.28464544703698,48.7,16.452771869164497,5.9,70.3,68.8,32.26143260919107,53.36854225156291,16.3,82.2,80.0,97,9,56,0.0,58.98,1
84.72224884318267,53.5,33.01264686911335,10.2,70.8,73.6,38.055247853535036,57.58184821879156,16.0,72.6,88.4,97,9,58,4.800000000000001,48.23,1
82.16836716114702,46.2,17.66183416728598,6.8,67.4,65.1,35.50628362049815,42.13305967228651,16.9,87.7,96.0,97,9,35,96.8,26.25,1
48.1,53.3,16.542,13.0,45.3,49.2,17.082,0.0,14.3,29.2,39.6,97,9,0,26.5,38.14,0
77.28268046507881,53.2,27.515994390936285,13.9,64.1,71.4,33.57689668911351,60.39071886361066,14.6,63.3,94.9,97,9,49,0.0,69.50999999999999,1
81.94629049314392,63.9,56.79848078556651,27.2,71.5,75.3,33.24739529255211,63.19958950842976,15.2,67.7,93.2,97,9,57,0.29999999999999716,48.92,1
44.2,46.6,12.743,7.8,43.0,48.8,36.655,0.0,15.9,28.1,38.7,97,9,0,37.5,22.08,0
48.1,51.8,19.031,14.5,45.6,50.7,36.03,0.0,17.1,30.9,42.3,97,9,0,142.0,7.06,0
76.17229712506331,51.4,21.74727867291436,12.8,63.5,76.7,28.249777567354915,46.346365639515156,16.1,83.5,90.2,97,9,59,0.0,71.03999999999999,1
42.5,43.6,7.848,4.8,43.1,47.0,18.182,0.0,14.0,29.3,39.8,97,9,0,25.8,38.62,0
69.39895875096877,44.6,15.223240799188615,4.5,73.1,76.8,33.68706413257126,49.15523628433426,15.0,60.3,88.9,97,9,50,0.0,65.82,1
56.4,64.0,29.744,21.2,51.2,53.7,21.808,0.0,16.7,31.7,42.7,97,9,1,146.4,3.54,0
43.3,44.2,7.259,3.1,44.2,47.7,16.283,0.0,17.3,29.6,40.8,97,9,0,8.1,124.24,0
74.83983711704472,53.1,33.61396110181651,6.7,68.4,74.5,33.57423693475874,68.81733079806796,16.8,87.7,96.6,97,9,59,30.700000000000003,30.91,1
48.0,52.7,20.471,11.2,44.8,48.5,16.525,0.0,16.8,30.3,41.4,97,9,1,80.9,12.46,0
75.61710545505557,45.6,15.023686275495404,6.0,60.5,70.4,30.672816208111293,56.17741289638201,17.2,62.7,86.8,97,9,59,36.400000000000006,22.47,1
55.8,67.5,34.205,25.8,48.0,50.0,20.948,0.0,15.1,30.1,41.1,97,9,1,96.0,4.49,0
75.50606712105402,47.0,12.42185848147576,3.4,69.8,73.6,34.79837662647412,44.94193031710561,16.3,89.2,92.0,97,9,38,0.0,67.97999999999999,1
74.83983711704472,59.4,61.42812813651071,32.9,67.1,64.5,38.76418695837745,42.13305967228651,17.3,66.9,91.3,97,9,59,98.5,46.47,1
45.7,46.6,7.519,3.6,46.3,50.7,17.563,0.0,16.3,31.2,41.9,97,9,0,2.9,39.96,0
72.17491710100752,50.0,22.247909998644168,11.4,76.1,78.9,28.312190356530863,50.55967160674381,17.8,73.4,82.7,97,9,53,53.099999999999994,22.14,1
77.17164213107728,49.7,22.242946794128937,7.5,64.4,63.8,33.15559976398049,77.24394273252527,16.8,87.6,74.7,97,9,31,18.1,54.870000000000005,1
44.1,45.2,9.115,5.2,44.7,48.6,18.482,0.0,16.6,29.7,40.8,97,9,0,27.4,36.31,0
47.1,52.0,16.747,10.5,45.7,48.3,19.739,0.0,15.6,29.5,40.5,97,9,0,121.7,7.89,0
70.84245709298892,45.0,15.62763399187831,4.7,73.4,74.5,33.18083592167605,57.58184821879156,16.8,59.7,99.8,97,9,41,0.0,63.94,1
42.6,43.5,6.455,2.3,43.6,47.5,15.948,0.0,17.5,29.4,40.6,97,9,0,76.5,13.18,0
50.0,55.7,21.516,15.8,47.5,49.5,18.333,0.0,15.1,30.0,40.8,97,9,0,27.9,35.87,0
77.61579546708347,62.8,56.58633336052165,18.7,75.3,81.3,38.33634777600658,73.03063676529662,15.3,71.8,73.5,97,9,55,21.9,29.58,1
51.4,53.1,17.708,6.7,50.4,53.5,18.969,0.0,16.8,31.7,42.6,97,9,0,59.7,3.91,0
42.1,44.4,7.451,4.9,42.5,46.7,16.068,0.0,18.7,29.6,41.2,97,9,0,27.2,36.89,0
68.51065207895637,44.9,17.193842212893404,5.9,67.0,75.0,32.47604857415989,60.39071886361066,15.0,83.2,79.8,97,9,50,0.0,71.93,1
47.9,49.7,13.649,7.5,47.8,50.9,20.559,0.0,16.6,31.3,42.1,97,9,0,138.0,4.42,0
42.2,43.1,6.547,2.5,43.1,47.2,15.681,0.0,16.9,29.4,40.4,97,9,0,76.5,13.18,0
85.61055551519507,53.3,30.115837645905128,10.7,67.2,77.6,34.8683950376482,54.77297757397246,16.6,67.2,72.1,97,9,55,45.3,44.24,1
47.5,54.3,19.69,11.6,46.4,47.5,18.341,0.0,15.0,29.7,40.4,97,9,0,34.6,28.7,0
50.9,55.6,26.554,20.8,44.8,50.2,37.711,0.0,16.2,29.4,40.4,97,9,0,165.0,6.06,0
88.94170553524157,67.3,60.438257244069085,26.8,67.3,68.0,32.74888504480786,82.86168402216346,15.1,76.0,94.0,97,9,39,126.6,20.43,1
56.7,63.3,32.258,27.3,51.0,53.0,23.786,0.0,16.9,31.7,42.7,97,9,0,138.2,7.09,0
55.7,69.3,32.829,22.7,50.2,50.1,20.709,0.0,15.1,30.0,41.0,97,9,1,123.2,8.05,0
81.50213715713772,51.5,22.573151293247395,10.4,70.5,73.8,33.165336224228575,50.55967160674381,15.5,88.7,70.5,97,9,41,5.399999999999999,58.41,1
45.3,47.0,12.31,9.2,44.7,49.1,23.82,0.0,18.5,30.4,41.9,97,9,0,64.5,15.08,0
53.7,60.2,25.595,18.0,48.7,52.1,20.497,0.0,16.3,31.8,42.5,97,9,0,39.2,25.28,0
54.3,60.4,27.065,17.5,50.8,52.2,19.85,0.0,15.5,30.6,41.3,97,9,0,58.9,4.58,0
75.39502878705248,49.6,19.221918902648426,8.3,72.6,67.0,29.331803491872915,46.346365639515156,16.0,86.3,94.3,97,9,38,0.0,68.99000000000001,1
78.72617880709898,58.2,44.36715766903962,20.3,69.0,68.3,75.28845324516057,60.39071886361066,16.9,87.6,79.7,97,9,37,106.9,25.15,1
51.3,54.8,18.955,13.1,50.5,52.3,19.127,0.0,15.0,31.7,42.2,97,9,0,28.3,35.3,0
80.72486881912688,54.2,27.153925741355003,14.2,74.0,69.2,30.632990040528295,67.41289547565842,14.7,63.3,73.9,97,9,34,0.0,58.64,1
78.61514047309743,46.7,12.878067286995035,3.3,70.4,72.1,28.562329137760297,82.86168402216346,16.3,67.2,94.0,97,9,42,0.0,62.02,1
49.9,52.9,16.053,8.6,48.5,52.6,17.767,0.0,16.1,31.5,42.2,97,9,0,4.9,39.98,0
80.50279215112377,49.2,30.661349935639567,13.4,61.7,67.2,38.023524210548686,75.83950741011571,17.0,69.7,93.9,97,9,53,56.3,25.15,1
76.39437379306642,59.6,53.79187177592201,24.2,71.0,78.6,42.35849800130975,61.79515418602021,18.1,68.3,84.6,97,9,42,107.9,38.730000000000004,1
80.39175381712224,51.8,29.5082945046674,9.9,66.8,75.7,36.472966188314594,80.05281337734436,15.9,81.7,85.3,97,9,43,5.5,62.5,1
48.4,55.3,24.375,18.0,43.7,47.3,18.733,0.0,15.0,28.7,39.4,97,9,0,37.6,26.51,0
70.28726542298116,49.8,28.000006875826113,7.1,70.0,72.6,33.178572695323915,67.41289547565842,15.9,90.6,98.2,97,9,33,7.600000000000001,36.269999999999996,1
42.6,43.6,6.322,2.1,43.7,47.7,16.013,0.0,17.3,29.5,40.7,97,9,0,8.2,123.09,0
50.7,54.0,21.043,10.0,47.6,53.8,34.606,0.0,16.4,31.7,42.5,97,9,0,46.9,21.09,0
49.8,56.6,18.6,18.6,47.3,49.8,18.754,0.0,14.6,29.3,39.9,97,9,0,25.5,39.24,0
55.8,63.3,30.071,21.3,51.1,52.4,21.256,0.0,15.3,31.5,42.2,97,9,1,163.8,6.1,0
48.4,54.2,17.518,12.0,46.0,49.2,17.084,0.0,14.3,29.2,39.7,97,9,0,59.6,16.85,0
42.0,43.1,6.242,2.1,43.1,47.0,15.68,0.0,14.2,27.9,37.9,97,9,0,11.4,56.08,0
42.5,44.9,9.277,6.8,42.6,46.2,16.974,0.0,17.2,29.2,40.4,97,9,0,49.1,20.59,0
72.95218543901838,44.8,14.891154086593572,5.0,61.3,74.0,34.920050580904544,81.45724869975392,15.0,83.3,93.9,97,9,52,1.0,56.56,1
69.84311208697497,44.1,13.071280984203883,3.6,67.8,62.7,28.233965796006366,49.15523628433426,15.0,62.2,74.8,97,9,33,0.0,64.93,1
78.50410213909588,48.8,15.382968447034857,5.6,65.4,81.2,28.08426217854036,58.98628354120111,16.0,82.4,95.1,97,9,34,0.0,75.03999999999999,1
41.5,42.6,4.759,2.5,42.6,46.5,16.542,0.0,16.5,29.7,40.8,97,9,0,20.5,49.08,0
73.72945377702922,44.7,14.713725796129957,4.4,61.2,65.0,30.74209646728056,61.79515418602021,16.2,60.4,75.5,97,9,60,136.0,39.06,1
90.94039554726949,62.6,49.090826909441134,18.0,75.7,82.0,41.76058423212475,57.58184821879156,16.5,75.7,91.7,97,9,51,37.7,36.91,1
71.61972543099976,43.5,10.156559931197156,2.4,70.4,68.3,25.41574103568256,43.53749499469606,16.9,85.4,84.4,97,9,37,50.5,27.18,1
76.17229712506331,43.5,10.19453140976614,2.3,65.6,71.5,28.356993155207025,58.98628354120111,17.5,87.4,73.6,97,9,49,29.5,30.18,1
81.72421382514082,53.8,31.493760123482357,19.2,69.8,74.3,26.9630902502689,43.53749499469606,16.0,71.4,83.2,97,9,46,0.0,60.98,1
81.16902215513306,49.2,23.95877986627595,10.7,75.3,65.8,42.41995858404976,70.22176612047751,17.2,74.8,81.2,97,9,58,20.5,31.09,1
47.8,48.9,11.219,6.2,48.3,53.3,38.42,0.0,16.0,31.6,42.3,97,9,0,27.8,35.95,0
71.73076376500131,61.3,43.06203219468851,16.8,70.0,73.8,71.70123398173608,80.05281337734436,14.8,78.5,73.4,97,9,52,114.19999999999999,32.11,1
91.82870221928188,66.5,71.22616575871015,43.8,76.7,71.2,39.00258770525085,63.19958950842976,15.5,79.1,89.8,97,9,48,122.4,26.32,1
45.2,46.8,11.292,8.8,45.3,48.6,20.064,0.0,16.9,30.3,41.4,97,9,0,62.1,16.09,0
42.2,44.2,8.196,5.9,42.4,46.2,15.927,0.0,17.1,29.3,40.4,97,9,0,37.6,26.84,0
76.61645046106952,52.7,33.48587751487297,11.2,72.8,65.5,29.188128316548795,47.75080096192471,16.8,82.3,89.4,97,9,50,36.900000000000006,45.46,1
50.1,56.6,20.235,12.3,47.8,50.2,19.689,0.0,15.2,29.9,40.6,97,9,0,40.4,24.51,0
71.39764876299667,47.4,18.198629818130225,5.9,68.1,75.6,29.207196322576404,82.86168402216346,16.5,81.3,72.1,97,9,36,96.0,31.42,1
49.0,50.8,14.997,6.8,47.9,51.7,18.82,0.0,14.9,31.6,42.0,97,9,0,29.5,33.74,0
42.1,43.4,6.555,3.8,42.7,46.8,15.947,0.0,16.2,29.3,40.2,97,9,0,22.1,45.87,0
69.95415042097652,42.1,9.658212157787977,2.2,59.1,66.0,23.85347929296543,82.86168402216346,16.9,59.3,82.4,97,9,42,0.0,34.05,1
73.17426210702148,43.0,9.907491022774654,2.3,60.0,72.8,29.98427080976476,60.39071886361066,16.9,80.4,80.4,97,9,44,52.599999999999994,23.07,1
41.2,42.3,5.715,2.3,42.1,46.5,15.558,0.0,16.9,29.3,40.4,97,9,1,2.4,13.05,0
62.29250537486957,42.1,10.245193523532624,2.2,60.2,64.1,28.663553023573723,46.346365639515156,16.9,82.3,99.4,97,9,38,0.0,28.05,1
76.61645046106952,43.1,10.95100873381377,2.1,60.1,73.0,23.814758701937084,42.13305967228651,14.2,71.9,88.9,97,9,35,0.0,79.08,1
65.51261706091452,43.4,15.784093505040994,5.3,63.4,64.2,31.117390152820303,50.55967160674381,17.2,79.3,88.6,97,9,56,52.5,49.019999999999996,1
47.3,49.8,17.526,11.6,46.0,49.8,30.186,0.0,17.6,31.0,42.4,97,9,0,50.0,20.24,0
75.06191378504782,42.6,9.606204332715754,2.3,60.6,61.6,23.66145488718889,61.79515418602021,16.9,81.4,95.4,97,9,50,56.599999999999994,31.07,1
69.39895875096877,42.6,9.443407300686454,2.5,64.6,73.5,28.655694992774787,57.58184821879156,16.5,82.7,73.8,97,9,54,0.0,59.08,1
45.8,46.6,8.086,3.8,46.4,50.7,18.261,0.0,16.7,31.3,42.2,97,9,0,28.5,34.99,0
76.06125879106177,42.7,8.935252016287302,2.5,66.8,68.6,30.05292541712339,61.79515418602021,16.7,75.8,81.9,97,9,30,0.0,113.79,1
78.72617880709898,43.0,10.273539223259977,2.7,66.2,66.9,28.461607157769876,66.00846015324886,16.5,75.8,82.8,97,9,59,0.0,92.13,1
41.9,43.0,5.142,2.7,43.2,46.9,17.115,0.0,16.5,29.8,40.8,97,9,0,13.2,77.13,0
66.84507706893312,44.3,16.27180150573297,4.4,69.8,68.8,27.501826766315347,67.41289547565842,15.0,59.2,91.8,97,9,31,0.0,76.88,1
45.5,46.6,8.548,5.1,45.9,50.2,17.048,0.0,15.9,31.2,41.8,97,9,1,33.8,30.01,0
46.4,49.4,14.742,9.9,45.0,48.8,17.677,0.0,18.0,31.1,42.6,97,9,0,63.0,16.06,0
67.73338374094551,43.1,12.235111509803586,2.9,58.9,62.7,30.71482920052156,77.24394273252527,15.0,75.3,97.0,97,9,32,5.799999999999997,32.97,1
77.06060379707573,45.8,22.560670689022825,8.4,70.6,70.5,32.225964026405364,70.22176612047751,16.1,71.0,87.9,97,9,32,0.0,52.68,1
43.2,44.9,10.029,7.5,43.8,48.4,34.944,0.0,17.4,29.7,41.0,97,9,0,48.3,17.58,0
69.28792041696722,46.3,14.957688506783251,3.7,62.0,77.4,31.415449593150218,71.62620144288707,15.9,61.2,76.8,97,9,48,0.0,64.03999999999999,1
64.73534872290367,43.2,12.706577117888477,2.3,63.2,74.1,28.2420248517021,46.346365639515156,16.9,72.4,75.4,97,9,32,29.5,51.18,1
71.28661042899512,42.3,10.332294702244178,2.3,67.1,67.5,24.631251248746146,64.60402483083931,16.9,81.3,80.4,97,9,47,0.0,41.05,1
45.6,46.5,7.966,3.9,46.1,50.5,17.829,0.0,16.3,31.2,42.0,97,9,2,2.8,40.02,0
90.71831887926638,69.3,60.817107297747526,22.7,72.2,74.1,40.20169297891905,43.53749499469606,15.1,79.0,86.0,97,9,53,100.2,39.05,1
41.9,43.1,6.007,3.3,42.8,46.7,18.827,0.0,16.5,29.7,40.8,97,9,0,20.4,41.79,0
54.4,61.2,27.757,21.3,50.7,52.3,20.808,0.0,15.4,30.5,41.3,97,9,0,141.3,7.11,0
74.17360711303542,50.8,24.81145384833159,9.2,66.5,79.1,38.03009949804307,82.86168402216346,14.9,81.6,93.0,97,9,47,10.600000000000001,42.620000000000005,1
43.8,45.0,8.348,4.7,44.4,48.5,18.846,0.0,16.8,29.7,40.8,97,9,0,27.1,36.94,0
55.6,61.0,28.762,20.1,51.3,54.5,28.648,0.0,17.1,31.7,42.8,97,9,0,146.4,3.54,0
42.8,44.3,10.68,6.0,42.6,46.5,15.9,0.0,14.9,29.3,40.0,97,9,0,9.0,28.4,0
75.61710545505557,56.6,38.21989110569114,12.3,71.8,76.2,35.32264070310779,64.60402483083931,15.2,76.9,79.6,97,9,42,1.3999999999999986,42.510000000000005,1
90.82935721326793,65.9,58.21987492135639,31.9,63.3,70.4,36.90775410987454,53.36854225156291,15.1,72.0,85.3,97,9,31,74.9,23.65,1
45.7,47.4,11.764,8.6,45.3,49.2,20.034,0.0,15.8,29.7,40.6,97,9,1,38.3,26.36,0
41.2,42.3,4.648,2.3,42.4,46.4,15.802,0.0,18.6,29.6,41.2,97,9,0,6.2,96.45,0
44.4,45.6,9.123,5.3,44.9,48.6,18.938,0.0,18.0,30.7,42.1,97,9,1,28.3,35.43,0
56.0,64.2,35.079,34.3,47.5,49.9,20.899,0.0,14.9,30.0,41.0,97,9,1,156.1,3.79,0
41.3,42.3,5.406,2.2,42.3,46.4,15.375,0.0,16.9,29.4,40.4,97,9,0,2.4,13.05,0
45.8,47.2,11.948,7.5,45.5,49.2,16.949,0.0,16.7,30.7,42.0,97,9,0,36.5,27.77,0
43.8,44.9,7.725,3.6,44.8,48.6,17.222,0.0,18.0,30.7,42.1,97,9,0,21.7,44.64,0
76.50541212706798,65.8,45.369344232487045,17.8,68.8,72.2,32.923619546344725,66.00846015324886,15.3,73.8,97.1,97,9,46,92.80000000000001,40.39,1
76.17229712506331,46.5,13.591765511301542,4.9,67.0,73.6,26.898507045188495,61.79515418602021,16.5,68.2,90.8,97,9,41,0.0,66.05,1
71.50868709699823,45.9,16.921033789611513,8.1,68.1,75.2,29.232307880443102,50.55967160674381,16.0,83.4,72.5,97,9,49,125.5,23.13,1
71.84180209900288,53.2,26.9280652001,14.5,75.2,65.4,36.46083895052659,50.55967160674381,14.6,77.3,73.8,97,9,50,0.0,69.71000000000001,1
41.1,42.1,5.195,2.2,42.2,46.1,15.458,0.0,16.9,29.3,40.4,97,9,0,2.4,13.05,0
43.9,45.0,8.486,4.0,45.0,48.6,24.246,0.0,17.2,30.2,41.5,97,9,0,33.4,29.75,0
41.5,42.8,6.607,4.7,42.1,46.4,16.55,0.0,18.3,29.7,41.1,97,9,0,29.9,33.91,0
41.4,42.7,6.785,3.9,42.1,46.1,19.672,0.0,18.9,29.7,41.3,97,9,0,14.5,66.67,0
47.1,51.4,19.708,16.4,43.9,48.9,23.781,0.0,16.1,29.2,40.1,97,9,0,163.9,6.1,0
79.05929380910362,54.5,50.01368887794837,22.3,71.1,67.6,62.04981788628099,70.22176612047751,15.9,61.1,86.1,97,9,40,22.299999999999997,60.83,1
42.8,44.8,8.107,5.6,43.2,46.9,16.591,0.0,16.2,29.3,40.2,97,9,0,37.5,26.93,0
47.7,52.3,13.82,10.0,47.4,49.5,19.494,0.0,15.5,29.3,40.1,97,9,0,165.0,3.13,0
71.84180209900288,42.7,8.066266565986,2.3,60.8,63.0,24.478546994720173,78.64837805493481,16.9,63.4,76.4,97,9,35,33.599999999999994,33.07,1
50.1,52.0,17.601,8.1,48.6,51.8,19.276,0.0,14.9,31.6,42.0,97,9,0,26.1,38.22,0
41.1,42.2,5.789,2.2,42.1,46.3,15.489,0.0,16.9,29.3,40.4,97,9,0,2.4,13.05,0
72.84114710501682,44.9,16.547720676819004,5.8,65.0,69.9,29.677279054607137,46.346365639515156,15.0,87.3,84.8,97,9,59,0.0,50.6,1
78.61514047309743,49.8,23.18305940789677,7.9,65.4,80.3,56.723115859191715,61.79515418602021,17.3,84.8,92.4,97,9,57,25.4,55.92,1
42.0,43.4,8.451,9.6,42.0,46.1,15.728,0.0,17.2,29.4,40.5,97,9,1,1.8,364.74,0
67.40026873894087,49.4,20.34417858241857,8.1,65.6,74.1,28.884167558543385,51.96410692915336,14.3,73.1,78.6,97,9,37,11.700000000000003,53.11,1
44.2,46.2,13.033,8.9,43.8,47.8,32.627,0.0,14.9,28.3,39.1,97,9,0,41.2,24.05,0
76.17229712506331,42.6,11.790174581666083,2.2,68.5,65.6,30.018229786928107,44.94193031710561,16.9,88.4,74.4,97,9,54,37.599999999999994,24.07,1
87.94236052922763,61.2,54.89336804288716,28.4,63.2,77.3,30.903643284871695,77.24394273252527,18.9,61.6,79.5,97,9,32,127.9,39.21,1
53.9,65.8,27.888,17.8,48.8,50.2,19.821,0.0,15.3,30.8,42.1,97,9,0,135.8,3.39,0
47.5,52.2,15.925,10.6,45.7,49.5,18.643,0.0,16.7,29.2,40.4,97,9,1,39.4,25.69,0
44.2,46.1,9.991,6.0,44.4,48.9,23.304,0.0,18.4,30.8,42.4,97,9,0,143.6,6.98,0
69.28792041696722,42.7,12.101601705433486,4.0,71.1,61.4,33.94705290928699,74.43507208770616,18.8,88.7,76.3,97,9,64,0.0,132.63,1
78.17098713709123,42.5,8.61774037614992,2.3,66.4,70.5,29.002954041291336,54.77297757397246,16.9,80.4,98.4,97,9,43,47.599999999999994,26.07,1
45.7,46.7,8.7,4.4,46.1,51.0,19.863,0.0,16.5,31.2,42.0,97,9,0,3.1,39.98,0
42.0,43.4,8.263,5.3,42.4,46.2,18.393,0.0,17.2,29.3,40.6,97,9,0,91.5,11.02,0
56.4,63.7,30.834,23.5,51.7,52.7,21.477,0.0,15.3,31.1,41.8,97,9,1,161.1,6.21,0
53.2,61.2,26.425,18.9,49.6,50.3,23.446,0.0,15.3,30.1,41.1,97,9,1,135.8,3.39,0
49.6,57.9,24.167,18.0,45.6,47.8,18.322,0.0,15.4,29.7,40.5,97,9,1,155.0,6.09,0
62.62562037687422,42.4,9.561339922972573,2.4,62.4,62.5,24.701323298318794,82.86168402216346,16.9,73.4,87.4,97,9,43,0.0,37.05,1
50.5,53.3,18.751,8.6,48.5,51.9,19.377,0.0,14.9,31.6,42.0,97,9,0,27.9,35.79,0
41.2,42.3,5.056,2.3,42.2,46.3,15.465,0.0,16.9,29.3,40.4,97,9,0,2.4,13.05,0
70.95349542699047,46.8,14.023092570770563,3.3,65.6,75.1,31.259749933585983,68.81733079806796,16.3,90.2,79.0,97,9,36,0.0,60.02,1
47.8,49.5,14.108,7.2,47.1,50.8,19.074,0.0,18.8,31.8,43.1,97,9,0,24.0,42.21,0
86.38782385320592,60.2,49.25100994689211,27.7,73.8,65.4,57.748109468981674,57.58184821879156,18.8,80.4,93.3,97,9,34,59.7,37.88,1
82.72355883115478,49.6,18.67310294934714,6.8,71.7,78.0,27.291641895740412,60.39071886361066,16.1,79.5,82.2,97,9,51,0.0,77.03999999999999,1
65.95677039692072,44.9,14.423130844277258,5.1,72.3,64.8,38.03324758427232,58.98628354120111,16.0,87.0,97.8,97,9,34,139.0,39.06,1
46.8,49.8,13.805,7.9,47.4,51.3,37.358,0.0,17.3,30.8,42.4,97,9,0,53.4,17.92,0
74.50672211504006,44.1,11.975943407234512,2.9,64.0,76.0,24.7302039721101,63.19958950842976,17.3,86.6,96.8,97,9,58,0.0,158.24,1
42.8,43.7,6.646,2.6,43.8,47.5,15.679,0.0,17.5,29.4,40.6,97,9,0,76.5,13.18,0
79.28137047710673,45.8,16.418239669013833,5.6,62.5,76.4,32.49189441833625,75.83950741011571,16.2,71.4,95.5,97,9,31,135.0,38.06,1
45.2,46.4,9.633,4.9,45.9,49.2,20.477,0.0,17.8,31.0,42.5,97,9,0,101.9,9.88,0
51.5,57.1,26.439,22.4,46.0,50.9,36.44,0.0,14.7,29.6,40.2,97,9,0,119.1,8.42,0
52.6,57.0,25.088,16.1,48.0,53.6,18.72,0.0,17.0,31.6,42.4,97,9,0,137.9,7.24,0
72.28595543500906,45.3,17.45457744908336,5.5,69.6,66.2,28.33657292587551,56.17741289638201,15.2,78.5,94.3,97,9,45,4.800000000000001,49.28,1
44.3,45.6,9.919,7.1,46.0,47.8,20.009,0.0,16.0,29.4,40.4,97,9,0,162.5,6.15,0
79.72552381311291,44.8,14.15897950377801,5.6,71.2,66.9,32.912489687308096,46.346365639515156,16.2,86.3,72.2,97,9,48,1.5,42.93,1
48.8,50.3,11.093,6.0,48.5,52.4,17.581,0.0,16.1,31.4,42.2,97,9,0,4.8,40.04,0
51.2,56.1,18.626,16.6,48.4,52.1,17.465,0.0,15.9,31.3,42.1,97,9,0,3.5,40.04,0
45.6,47.9,11.776,7.6,45.4,48.8,16.272,0.0,16.8,30.6,41.8,97,9,0,28.3,35.77,0
70.17622708897963,43.2,11.417771823078521,2.7,60.0,67.1,24.265783812182992,49.15523628433426,14.1,70.7,86.8,97,9,33,0.0,78.4,1
76.17229712506331,57.0,45.37495600454844,16.1,75.0,72.6,33.582597713593216,82.86168402216346,17.0,82.6,95.4,97,9,43,105.9,31.240000000000002,1
46.4,50.1,13.333,9.9,45.4,48.8,15.521,0.0,14.3,29.1,39.6,97,9,0,14.1,72.16,0
47.1,48.2,8.007,4.2,48.9,52.2,18.062,0.0,16.3,31.2,42.0,97,9,1,3.9,40.02,0
62.29250537486957,42.2,8.21743603631665,2.4,67.2,63.2,26.243516160171875,57.58184821879156,18.6,84.6,74.2,97,9,48,0.0,110.45,1
80.39175381712224,61.2,43.493166630774596,21.3,70.7,81.3,35.20554576803255,46.346365639515156,15.4,77.5,85.3,97,9,30,99.30000000000001,23.11,1
52.4,60.0,25.682,18.0,48.7,50.1,20.07,0.0,15.1,30.0,40.8,97,9,0,158.4,6.65,0
43.2,44.3,8.264,4.4,44.0,47.7,18.2,0.0,15.0,29.2,39.8,97,9,0,25.1,39.8,0
82.39044382915013,49.9,24.32711735918629,11.2,69.9,65.1,36.134613801250026,77.24394273252527,14.9,86.4,93.2,97,9,43,74.2,31.16,1
49.8,55.1,23.225,23.9,45.4,49.2,18.468,0.0,14.2,29.5,39.9,97,9,0,64.8,10.93,0
44.2,45.5,9.249,5.6,44.6,48.4,19.763,0.0,17.0,30.2,41.5,97,9,0,33.5,29.69,0
47.8,52.3,17.458,9.7,45.4,48.8,16.966,0.0,18.0,31.1,42.6,97,9,0,63.0,16.06,0
82.83459716515631,50.8,21.726636771991338,9.0,61.2,65.3,27.921089140837363,46.346365639515156,15.5,62.7,86.5,97,9,51,0.0,70.88,1
57.0,64.7,36.521,33.0,48.9,51.8,23.777,0.0,15.7,30.1,41.1,97,9,1,162.3,4.25,0
71.17557209499357,51.4,24.10793616803145,8.8,78.1,74.1,52.0484771860688,51.96410692915336,16.0,67.6,99.3,97,9,46,0.0,70.84,1
79.94760048111603,44.9,12.479280168889026,2.9,60.1,77.0,31.281895333854244,64.60402483083931,16.6,72.7,83.9,97,9,48,0.0,47.18,1
42.5,43.4,8.806,4.3,42.8,46.6,15.717,0.0,14.9,29.3,40.0,97,9,0,9.0,28.4,0
79.94760048111603,48.3,25.992225748211496,9.6,73.6,70.3,32.378460760022236,43.53749499469606,16.8,78.3,92.5,97,9,31,18.700000000000003,47.09,1
67.84442207494708,44.3,15.118833452716043,4.0,63.7,68.4,45.5466723252639,75.83950741011571,16.7,86.5,94.6,97,9,37,5.799999999999997,54.629999999999995,1
55.1,64.7,33.356,30.9,49.3,50.7,39.362,0.0,15.8,30.0,41.0,97,9,0,153.3,3.04,0
80.16967714911912,45.7,17.071760686588718,8.5,64.4,73.0,31.0906944962813,73.03063676529662,16.0,80.1,73.1,97,9,52,130.5,41.08,1
75.95022045706023,45.6,17.609235666428706,5.3,64.9,64.6,37.22822086489251,49.15523628433426,18.0,89.7,89.1,97,9,58,4.300000000000001,62.43,1
48.8,50.8,14.275,9.2,48.5,52.1,19.715,0.0,14.9,31.6,42.0,97,9,1,38.6,25.62,0
66.28988539892538,44.1,15.078906979183822,6.4,67.9,74.1,35.98063741906343,54.77297757397246,14.5,68.3,97.1,97,9,44,7.100000000000001,40.34,1
83.05667383315942,47.2,19.8489182655614,7.5,61.5,69.2,32.20962271358213,80.05281337734436,16.7,72.7,85.0,97,9,49,0.0,43.769999999999996,1
82.94563549915787,53.8,27.65564921577908,13.7,64.4,66.4,36.72965701163277,64.60402483083931,14.6,77.3,89.8,97,9,47,2.1999999999999993,70.69,1
42.7,44.1,9.312,6.4,42.9,47.1,19.211,0.0,14.5,29.3,40.1,97,9,1,47.1,21.34,0
72.39699376901062,50.1,20.399022904173187,7.8,64.5,71.8,32.377595920370766,49.15523628433426,15.2,66.3,88.0,97,9,30,121.0,17.13,1
45.8,46.7,7.327,3.3,46.4,51.1,17.554,0.0,16.3,31.2,42.0,97,9,0,3.4,40.02,0
41.2,42.2,5.343,2.6,42.1,46.2,18.162,0.0,18.6,29.7,41.3,97,9,0,10.9,91.51,0
47.7,54.2,15.804,14.2,46.0,49.2,18.572,0.0,14.7,29.3,39.9,97,9,0,25.2,39.64,0
71.17557209499357,43.1,11.329608595453275,2.4,61.1,74.0,23.688922505628575,68.81733079806796,16.9,87.4,97.4,97,9,54,53.599999999999994,47.07,1
82.05732882714548,63.5,48.893565684158666,21.6,74.3,74.5,33.40538773869006,63.19958950842976,15.1,86.6,75.1,97,9,57,118.0,30.06,1
44.0,45.3,9.181,5.7,44.6,48.4,23.683,0.0,18.0,30.8,42.2,97,9,0,92.7,8.52,0
77.94891046908812,46.1,17.669495265060892,6.0,72.4,63.9,35.015217093159634,77.24394273252527,18.4,83.8,90.4,97,9,30,99.6,29.98,1
91.05143388127102,64.7,68.46917454671306,33.0,66.9,78.8,42.77153660554435,82.86168402216346,15.7,67.1,89.1,97,9,32,139.3,20.25,1
43.5,44.8,9.102,5.7,43.8,48.1,18.775,0.0,16.7,29.5,40.6,97,9,0,113.1,8.86,0
42.4,43.3,6.493,2.4,43.3,47.2,15.741,0.0,16.9,29.4,40.4,97,9,0,76.5,13.18,0
55.5,62.9,30.239,21.3,50.7,52.3,21.834,0.0,15.1,30.6,41.2,97,9,1,164.5,6.08,0
44.1,45.6,9.436,6.0,44.5,48.4,18.903,0.0,17.2,29.7,40.8,97,9,0,83.4,11.47,0
69.39895875096877,42.7,9.542445539660646,3.2,64.6,61.2,25.556587500676464,54.77297757397246,17.1,75.2,88.4,97,9,53,15.799999999999997,59.03,1
43.7,44.8,7.833,4.0,44.5,48.2,18.097,0.0,16.7,29.7,40.8,97,9,0,24.2,41.37,0
78.72617880709898,47.0,18.392411183550596,9.7,71.8,63.6,38.68312607046013,82.86168402216346,16.5,67.4,93.6,97,9,33,134.0,22.13,1
84.72224884318267,62.8,60.61050591498164,20.7,77.2,74.3,77.84829513257344,70.22176612047751,16.2,71.6,101.4,97,9,46,130.6,43.07,1
82.39044382915013,63.6,47.574714068218405,19.4,70.7,82.6,37.367252049812706,63.19958950842976,16.6,81.7,78.7,97,9,51,134.5,20.08,1
71.39764876299667,45.7,16.17790741434066,7.2,64.3,77.2,41.66782818124326,78.64837805493481,16.7,62.7,92.7,97,9,40,0.0,55.54,1
93.49427722930513,62.6,52.81518994159411,19.2,72.7,76.0,44.527105336612486,68.81733079806796,16.2,85.6,74.4,97,9,60,132.0,38.06,1
65.84573206291917,44.2,14.210268224420311,3.1,73.2,69.7,31.99683058867504,73.03063676529662,17.3,65.6,86.8,97,9,49,0.0,148.24,1
44.1,45.3,9.577,5.5,45.6,48.2,18.87,0.0,15.2,29.5,40.3,97,9,0,24.8,34.28,0
49.3,51.0,13.604,7.3,48.6,52.3,17.58,0.0,16.1,31.4,42.1,97,9,0,4.4,40.04,0
45.2,46.3,9.262,5.4,46.1,49.5,19.233,0.0,17.2,30.7,42.1,97,9,0,39.7,24.85,0
47.1,49.2,14.725,10.7,46.3,49.8,21.439,0.0,17.2,30.8,42.2,97,9,0,64.5,15.09,0
43.0,46.3,10.209,6.4,42.2,46.0,16.74,0.0,17.1,29.2,40.4,97,9,0,44.4,22.58,0
83.83394217117028,63.5,46.44561020897306,21.9,72.0,80.2,40.176325721012496,58.98628354120111,15.2,79.6,76.2,97,9,53,116.30000000000001,40.16,1
87.94236052922763,67.1,54.1630064447625,23.0,65.5,71.3,41.678703563799246,63.19958950842976,16.0,63.8,94.9,97,9,44,114.30000000000001,23.740000000000002,1
76.72748879507107,45.3,19.803858770993504,6.8,61.3,68.1,29.918652602389827,43.53749499469606,15.1,68.4,90.0,97,9,42,0.0,49.96,1
42.0,43.1,6.543,2.9,42.9,46.7,15.881,0.0,15.0,29.3,40.0,97,9,0,34.8,18.97,0
81.61317549113927,54.5,28.846038334428492,13.7,70.5,66.2,34.663690021870195,47.75080096192471,14.3,66.2,78.1,97,9,32,64.0,34.07,1
74.39568378103853,43.4,15.099262434584755,9.6,62.0,69.1,31.378526803311086,50.55967160674381,17.2,79.4,86.5,97,9,48,0.0,378.74,1
42.3,43.6,7.952,4.7,43.0,46.8,18.226,0.0,15.0,29.3,40.1,97,9,0,34.8,18.97,0
88.27547553123227,62.2,55.48288233152173,21.3,62.0,66.4,41.461955908167035,47.75080096192471,15.4,66.6,90.8,97,9,59,130.3,38.74,1
69.17688208296566,42.5,9.236386523384146,3.0,64.1,74.2,32.96315262900682,58.98628354120111,19.0,62.7,96.3,97,9,43,0.0,133.19,1
46.2,50.7,12.538,8.3,45.5,49.2,17.264,0.0,16.0,29.2,40.1,97,9,0,52.4,19.32,0
47.1,48.4,8.758,5.1,47.6,51.8,18.153,0.0,16.2,31.2,42.0,97,9,0,4.9,39.98,0
81.05798382113153,45.3,15.270992525464726,5.7,69.6,71.4,43.76280079878032,75.83950741011571,18.0,74.8,88.2,97,9,50,50.7,37.519999999999996,1
43.5,44.6,8.701,4.5,44.1,47.8,18.133,0.0,15.0,29.3,39.9,97,9,0,25.0,39.82,0
42.2,43.5,7.188,3.8,42.9,46.8,16.599,0.0,14.2,27.8,37.9,97,9,0,19.0,53.16,0
55.2,62.6,29.276,19.2,50.7,53.0,27.38,0.0,16.2,31.6,42.4,97,9,1,165.0,6.06,0
45.9,49.6,11.818,8.3,45.6,49.0,16.511,0.0,16.0,29.3,40.3,97,9,0,23.6,42.99,0
45.6,46.6,8.656,4.4,46.0,52.4,32.102,0.0,16.5,31.2,42.0,97,9,0,3.1,40.07,0
69.06584374896413,42.3,9.313060409038501,2.3,70.2,67.3,30.522480920942133,43.53749499469606,16.9,68.3,82.4,97,9,41,0.0,35.05,1
73.95153044503232,56.3,30.53779027402954,14.1,70.5,71.7,34.51630485036489,53.36854225156291,14.6,65.3,94.8,97,9,43,0.0,70.62,1
69.17688208296566,47.0,20.99688328562386,9.2,67.7,76.1,36.46266778250929,57.58184821879156,18.5,68.4,100.9,97,9,47,34.5,37.08,1
92.60597055729274,63.1,53.22410796910292,19.5,73.8,69.9,36.31853946109649,49.15523628433426,16.0,82.6,79.5,97,9,38,115.69999999999999,27.11,1
45.5,46.4,8.493,3.6,46.1,52.8,37.65,0.0,16.5,31.2,42.0,97,9,0,3.1,40.01,0
56.2,63.6,28.851,19.4,51.7,53.6,21.685,0.0,16.6,31.7,42.7,97,9,1,164.5,6.08,0
51.7,57.3,19.8,13.3,49.1,52.0,19.391,0.0,15.0,31.7,42.0,97,9,0,26.3,37.93,0
72.39699376901062,49.4,21.43710273354685,5.8,70.4,66.1,31.457894818403712,60.39071886361066,18.0,62.0,76.5,97,9,50,33.400000000000006,40.58,1
48.2,52.2,22.871,13.3,46.3,48.8,36.595,0.0,16.7,29.4,40.5,97,9,0,121.7,7.89,0
52.6,62.2,28.547,26.8,46.0,49.6,19.498,0.0,15.3,29.3,40.1,97,9,1,121.1,8.31,0
48.1,52.4,22.033,27.2,43.9,47.9,19.389,0.0,16.0,29.6,40.6,97,9,0,78.8,12.61,0
54.0,66.3,33.663,25.4,46.4,48.1,21.342,0.0,14.9,29.8,40.5,97,9,1,155.0,6.09,0
67.95546040894862,44.2,13.416692699762006,5.9,58.4,72.2,26.85159631009258,54.77297757397246,17.1,71.3,83.4,97,9,56,12.600000000000001,62.84,1
80.05863881511756,57.8,39.005996630595405,15.8,66.3,69.4,33.10886906649381,49.15523628433426,15.0,67.0,71.6,97,9,41,127.4,45.65,1
79.83656214711448,56.9,43.69905987658212,15.5,74.3,66.8,36.44409223349333,64.60402483083931,16.9,63.3,74.6,97,9,42,126.9,27.68,1
69.06584374896413,46.4,15.38522049709075,4.9,69.9,70.2,37.093444395181216,51.96410692915336,17.8,71.0,74.5,97,9,41,74.9,43.88,1
50.3,55.9,16.77,8.9,48.4,52.2,20.136,0.0,16.0,31.6,42.3,97,9,0,26.6,37.49,0
67.40026873894087,47.4,18.99529989423651,8.6,63.3,64.2,30.259966032283337,47.75080096192471,15.8,81.7,95.6,97,9,49,0.0,63.36,1
43.6,46.6,11.625,7.6,42.6,46.9,19.33,0.0,16.9,29.8,41.0,97,9,6,20.2,50.11,0
53.6,64.7,27.328,20.2,48.4,50.0,18.708,0.0,14.6,30.4,41.0,97,9,0,26.8,37.18,0
43.8,45.1,8.658,5.2,44.4,48.2,17.586,0.0,17.1,29.7,40.8,97,9,0,83.4,11.47,0
87.27613052521832,62.2,51.99426263386984,23.3,77.3,68.8,39.156194604548766,75.83950741011571,15.2,83.0,90.0,97,9,51,125.6,40.43,1
79.05929380910362,43.5,13.068979429760107,3.8,71.9,62.8,28.88044512224556,53.36854225156291,14.2,77.8,76.9,97,9,43,0.0,90.16,1
70.73141875898737,43.6,11.559309617816547,2.2,68.7,68.8,23.78537744353561,70.22176612047751,17.5,88.4,75.6,97,9,38,53.5,40.18,1
46.1,49.5,12.579,8.6,45.9,49.2,15.646,0.0,14.2,29.6,39.9,97,9,0,9.2,77.73,0
42.8,44.4,10.141,8.2,42.7,48.2,27.579,0.0,15.8,29.4,40.4,97,9,0,31.0,32.06,0
70.50934209098428,49.9,20.329917232431793,9.3,65.6,73.2,32.88419057446912,50.55967160674381,15.2,64.2,94.1,97,9,59,0.0,82.50999999999999,1
71.17557209499357,49.8,23.805165416737474,8.2,63.8,77.2,28.980581620573833,53.36854225156291,14.3,60.2,72.6,97,9,30,10.700000000000003,41.11,1
42.3,43.6,7.485,5.5,44.0,47.2,31.277,0.0,17.9,29.7,41.1,97,9,0,50.6,19.76,0
45.6,48.5,13.699,8.9,44.5,48.4,18.156,0.0,16.9,30.3,41.4,97,9,0,53.8,18.8,0
75.28399045305092,44.4,16.72065915234946,8.2,62.7,67.2,44.17743837689518,63.19958950842976,15.8,59.4,90.4,97,9,42,0.0,44.06,1
69.50999708497032,42.7,10.075765267463888,2.4,59.7,65.6,28.247265645273508,81.45724869975392,14.9,75.3,89.0,97,9,48,0.0,53.4,1
44.6,45.7,8.448,4.8,45.3,49.1,19.513,0.0,15.9,29.8,40.7,97,9,0,69.6,14.52,0
45.3,47.7,12.741,8.2,44.6,48.8,20.035,0.0,18.5,30.8,42.4,97,9,2,24.6,41.02,0
68.17753707695172,43.3,10.04518066241388,2.4,69.3,66.2,24.27339507567527,60.39071886361066,16.9,86.4,96.4,97,9,52,55.5,34.18,1
42.6,43.8,8.256,4.7,43.0,47.2,18.471,0.0,14.9,29.3,40.0,97,9,0,160.7,5.48,0
48.0,52.8,17.041,11.6,45.7,49.5,18.794,0.0,16.5,29.7,40.7,97,9,1,16.6,61.03,0
80.39175381712224,44.6,15.147755122647693,4.7,71.9,75.9,29.13187728529621,56.17741289638201,16.8,65.5,91.5,97,9,57,86.69999999999999,22.58,1
53.9,66.9,27.447,18.0,48.6,50.0,18.97,0.0,14.9,31.7,42.7,97,9,0,29.5,33.71,0
44.2,45.4,9.018,5.8,44.5,48.3,18.037,0.0,16.7,29.7,40.8,97,9,0,24.5,40.96,0
68.84376708096102,50.3,21.924080105403235,14.9,63.9,67.8,24.20957257808234,81.45724869975392,14.2,71.8,71.1,97,9,58,0.0,173.58,1
42.2,43.2,6.159,2.3,43.2,47.0,15.935,0.0,16.9,29.4,40.4,97,9,0,76.5,13.18,0
41.6,42.6,5.971,2.2,42.5,46.6,15.634,0.0,16.9,29.4,40.4,97,9,0,76.6,13.07,0
82.61252049715323,50.1,22.56078150888957,9.9,61.4,75.8,27.885638950211142,42.13305967228651,14.3,76.1,93.6,97,9,42,0.0,87.16,1
53.5,62.8,29.101,20.8,48.2,49.8,19.7,0.0,15.7,29.9,40.9,97,9,0,165.0,3.57,0
49.7,56.2,17.788,16.1,48.6,49.9,18.681,0.0,14.6,29.3,39.9,97,9,0,25.9,38.6,0
42.2,43.2,6.903,2.7,43.0,47.1,15.898,0.0,14.1,27.7,37.8,97,9,0,16.0,61.4,0
71.73076376500131,53.4,38.96566213459812,13.1,64.2,71.4,37.76153268800751,74.43507208770616,16.6,74.2,99.1,97,9,57,47.900000000000006,27.29,1
46.0,46.8,7.729,3.6,48.5,50.4,18.698,0.0,17.0,31.3,42.4,97,9,0,148.5,3.68,0
83.38978883516407,62.8,48.57700259470532,24.1,70.5,67.6,46.53096006293664,77.24394273252527,15.5,84.5,94.2,97,9,38,98.30000000000001,42.11,1
72.28595543500906,44.1,13.493417227662379,3.3,59.9,68.8,29.855096868620965,61.79515418602021,17.5,63.5,70.7,97,9,36,32.5,45.18,1
45.1,47.1,10.629,7.2,45.1,49.4,20.969,0.0,15.9,29.8,40.7,97,9,0,99.6,10.12,0
93.05012389329892,67.5,57.29710756419211,25.8,64.0,67.0,39.547778802695426,81.45724869975392,15.1,62.1,81.1,97,9,44,56.0,34.49,1
42.3,43.2,6.386,2.3,43.2,47.1,15.867,0.0,16.9,29.4,40.4,97,9,0,76.5,13.18,0
53.6,62.2,28.043,23.3,49.3,49.8,19.87,0.0,15.2,30.0,41.0,97,9,0,156.6,3.43,0
85.38847884719198,52.9,26.967866202500897,10.9,61.3,74.6,34.932694316860804,54.77297757397246,17.7,61.2,87.4,97,9,58,130.6,35.81,1
74.50672211504006,42.2,11.193607313174958,2.2,69.1,65.3,26.901092978985545,77.24394273252527,16.9,65.3,99.4,97,9,32,0.0,38.05,1
77.17164213107728,44.8,12.825144361606187,4.2,68.5,70.2,36.32502058445592,70.22176612047751,16.2,79.4,74.5,97,9,55,133.0,29.06,1
45.1,46.7,9.145,7.4,45.8,49.3,18.358,0.0,15.5,29.7,40.5,97,9,2,24.2,41.6,0
56.7,64.2,31.896,25.1,51.0,52.6,20.915,0.0,15.1,31.6,42.1,97,9,1,160.7,6.23,0
81.39109882313618,55.9,31.90529953714985,8.9,68.4,80.2,31.67147712908816,42.13305967228651,16.0,71.6,73.3,97,9,35,0.0,74.49000000000001,1
41.7,42.9,7.283,3.8,42.6,46.2,17.14,0.0,18.0,29.3,40.6,97,9,1,22.7,7.98,0
72.95218543901838,42.8,9.972148231328054,2.5,68.8,67.8,29.37390438587917,75.83950741011571,14.9,67.3,94.0,97,9,39,10.799999999999997,49.97,1
78.61514047309743,43.7,10.12756069231935,2.6,72.8,63.5,30.64226391401721,46.346365639515156,17.5,78.4,86.6,97,9,35,35.5,46.18,1
77.39371879908037,60.2,45.9424605936189,18.0,63.7,76.1,39.802198549518224,47.75080096192471,16.3,68.8,79.5,97,9,49,19.200000000000003,63.28,1
79.17033214310517,43.4,14.92765998474654,3.4,66.1,69.9,32.60977529794308,78.64837805493481,14.9,74.3,81.0,97,9,38,118.69999999999999,32.480000000000004,1
46.8,48.0,7.898,4.3,47.4,52.0,17.683,0.0,16.3,31.2,42.0,97,9,0,5.0,40.02,0
47.4,51.5,14.764,10.4,46.5,49.8,19.925,0.0,15.5,29.7,40.5,97,9,0,26.4,29.41,0
74.28464544703698,43.3,14.50573803953442,6.0,70.4,66.2,34.438510902201834,70.22176612047751,18.3,67.3,93.8,97,9,55,46.8,31.33,1
56.5,63.7,32.75,26.0,50.1,52.2,21.598,0.0,15.3,30.6,41.3,97,9,1,164.2,6.09,0
55.6,63.0,30.28,22.4,50.7,52.2,21.475,0.0,15.1,30.6,41.2,97,9,1,161.8,6.18,0
77.83787213508657,47.1,17.325003546138976,7.2,63.1,74.4,37.141117256199706,70.22176612047751,15.9,68.8,76.7,97,9,58,73.6,20.119999999999997,1
45.5,46.7,11.201,8.4,45.3,49.0,17.476,0.0,16.7,30.7,42.0,97,9,0,34.9,28.63,0
56.1,61.2,30.477,22.2,50.9,54.1,32.068,0.0,17.1,31.7,42.7,97,9,0,159.0,6.3,0
47.0,48.6,9.15,7.4,47.1,51.5,17.77,0.0,16.3,31.3,42.1,97,9,1,4.3,40.07,0
74.95087545104627,42.6,7.99505855816882,2.3,57.5,75.8,26.814381124160253,80.05281337734436,16.9,60.4,85.4,97,9,32,42.599999999999994,49.07,1
47.0,50.9,13.561,9.4,46.1,49.1,17.026,0.0,14.3,29.2,39.6,97,9,0,32.5,31.19,0
42.1,43.6,6.978,4.1,42.8,46.6,15.9,0.0,16.2,29.3,40.2,97,9,0,19.4,52.43,0
74.28464544703698,56.2,39.364051213833314,15.6,71.9,70.8,57.87024777823508,68.81733079806796,17.7,69.4,76.7,97,9,59,118.80000000000001,31.69,1
74.50672211504006,46.4,15.49360951603035,6.7,72.4,72.7,35.66498022530443,57.58184821879156,15.6,88.7,80.6,97,9,57,0.7999999999999972,59.06,1
43.1,44.1,7.235,3.3,43.9,47.8,18.494,0.0,17.5,29.5,40.7,97,9,0,76.5,13.18,0
44.4,45.5,7.968,3.8,45.6,49.2,18.714,0.0,18.0,31.0,42.5,97,9,0,62.3,16.23,0
70.39830375698271,44.9,10.51572669331393,3.4,66.8,72.0,26.15267947493381,54.77297757397246,16.3,85.7,92.2,97,9,33,0.0,76.49000000000001,1
75.83918212305866,47.7,24.455925874932877,8.2,63.6,74.8,33.348772052592686,43.53749499469606,18.5,61.8,101.4,97,9,52,0.0,70.02000000000001,1
42.8,43.9,6.588,2.5,43.8,47.6,15.958,0.0,17.3,29.5,40.7,97,9,0,8.2,123.09,0
63.62496538288816,43.6,14.631062844883377,4.7,66.0,73.8,29.164872875159418,74.43507208770616,15.0,71.3,81.1,97,9,48,0.0,44.97,1
88.27547553123227,53.3,28.33449304890509,8.6,74.5,75.9,32.089746447303526,44.94193031710561,14.9,75.6,92.0,97,9,58,5.899999999999999,69.78999999999999,1
72.39699376901062,43.3,13.157885853558529,4.2,69.0,71.5,47.542109862447234,64.60402483083931,15.0,60.4,99.3,97,9,36,9.799999999999997,53.4,1
73.61841544302767,49.8,31.791238758194897,11.6,64.0,76.8,52.272805632818354,44.94193031710561,17.6,89.0,85.4,97,9,41,1.0,54.239999999999995,1
41.7,42.8,6.159,2.5,42.8,46.8,15.814,0.0,14.9,29.3,40.0,97,9,0,34.8,18.97,0
56.4,63.3,33.677,26.6,49.5,53.5,39.506,0.0,15.6,30.4,41.2,97,9,0,163.9,6.1,0
66.06780873092227,46.0,15.71363078118162,5.3,61.6,75.4,39.558386821370604,74.43507208770616,16.2,61.4,79.4,97,9,30,137.0,17.06,1
81.61317549113927,48.9,26.266572065360304,12.8,74.2,69.7,31.469379598181103,63.19958950842976,16.8,68.3,94.4,97,9,39,52.599999999999994,41.13,1
72.84114710501682,46.6,15.017726307480263,3.9,64.2,79.7,27.586231712449578,66.00846015324886,16.3,65.2,87.0,97,9,40,0.0,53.08,1
42.5,44.9,9.546,6.9,42.4,46.1,17.156,0.0,17.1,29.3,40.4,97,9,1,35.6,23.57,0
41.5,42.6,5.246,2.3,42.5,46.8,15.625,0.0,16.9,29.4,40.4,97,9,0,76.6,13.07,0
87.05405385721524,63.3,51.584943942551234,26.6,71.5,74.5,64.86597850360657,57.58184821879156,15.6,85.4,82.2,97,9,52,114.9,38.1,1
93.05012389329892,62.8,54.92744616392459,21.1,78.8,75.4,38.05961224525875,51.96410692915336,15.1,73.4,77.1,97,9,31,124.80000000000001,37.9,1
42.2,43.3,8.489,4.2,43.0,47.5,30.76,0.0,15.0,29.4,40.3,97,9,0,33.8,29.4,0
63.29185038088352,43.5,16.365310734904394,6.9,64.3,65.3,31.983662026516296,54.77297757397246,17.2,76.3,82.5,97,9,30,14.5,59.39,1
46.1,49.3,12.789,7.9,45.6,48.7,16.59,0.0,16.8,30.6,41.8,97,9,0,32.2,31.3,0
69.73207375297342,44.9,12.554095879992524,3.6,64.8,69.6,32.16391616810146,80.05281337734436,18.0,70.7,90.1,97,9,53,0.0,67.64,1
69.84311208697497,49.7,21.05028631891681,7.5,70.8,78.9,38.73849480762231,44.94193031710561,16.6,70.3,77.1,97,9,55,111.0,30.42,1
68.51065207895637,44.8,13.085886336377973,4.0,62.5,70.2,29.973161400849555,81.45724869975392,18.8,88.8,99.4,97,9,59,1.3999999999999986,64.09,1
52.3,56.7,21.927,13.8,50.5,52.4,19.445,0.0,15.2,31.6,42.2,97,9,1,133.2,3.91,0
55.9,62.6,27.864,18.0,51.7,54.0,21.614,0.0,16.5,31.7,42.7,97,9,1,59.7,3.91,0
84.61121050918113,59.9,52.20495922891337,19.6,72.0,78.5,40.722194901454785,51.96410692915336,16.9,73.7,81.7,97,9,57,119.19999999999999,41.4,1
42.0,43.5,8.588,6.9,42.3,46.3,18.563,0.0,17.2,29.3,40.5,97,9,0,41.5,24.39,0
46.9,48.7,8.899,5.9,47.3,51.8,17.505,0.0,16.3,31.2,42.0,97,9,0,4.4,39.98,0
41.6,43.0,7.194,3.9,42.2,46.2,16.303,0.0,17.2,29.4,40.5,97,9,0,4.6,221.64,0
46.3,47.4,10.118,5.9,47.1,50.6,18.764,0.0,16.5,31.3,42.1,97,9,0,138.0,4.42,0
45.7,49.4,11.006,8.1,45.6,49.1,15.509,0.0,14.3,29.1,39.6,97,9,0,34.7,29.11,0
53.9,59.0,25.08,15.3,51.1,52.7,21.8,0.0,15.3,31.6,42.1,97,9,0,133.2,3.91,0
43.2,44.3,8.147,4.4,43.8,47.8,18.063,0.0,15.0,29.2,39.8,97,9,0,25.0,39.88,0
42.8,43.8,7.925,3.9,45.8,47.1,21.099,0.0,14.4,29.5,40.2,97,9,0,151.2,3.11,0
83.50082716916563,50.7,23.166532330755572,8.3,64.5,66.2,31.053411646238818,51.96410692915336,16.0,75.2,98.1,97,9,33,12.399999999999999,32.32,1
54.9,62.8,28.921,18.7,50.3,52.3,21.287,0.0,15.3,30.8,41.5,97,9,1,58.9,4.58,0
48.9,52.9,17.442,10.9,46.3,50.6,21.462,0.0,17.7,31.2,42.4,97,9,0,157.6,4.81,0
75.17295211904937,55.1,37.532913816594395,10.8,79.8,71.6,35.737960666920756,49.15523628433426,16.8,80.7,94.6,97,9,47,18.700000000000003,32.91,1
43.9,45.1,9.319,5.2,44.5,47.9,18.189,0.0,15.1,29.4,40.0,97,9,0,24.9,37.5,0
48.0,50.0,14.53,11.4,47.1,50.9,16.91,0.0,17.8,31.4,42.7,97,9,1,83.1,12.14,0
51.9,56.2,25.011,15.6,46.9,52.8,36.635,0.0,17.7,31.4,42.7,97,9,0,140.8,4.69,0
56.1,62.8,31.992,24.1,50.5,52.6,27.704,0.0,15.5,30.5,41.2,97,9,0,141.3,7.11,0
52.7,55.1,20.301,10.8,51.8,53.6,20.088,0.0,16.8,31.7,42.6,97,9,1,59.7,3.91,0
44.2,45.7,10.251,8.5,44.4,48.0,19.08,0.0,16.0,29.1,40.1,97,9,0,164.5,6.08,0
78.28202547109277,43.9,15.301369340023752,4.8,68.4,67.3,35.45014615536645,67.41289547565842,18.4,60.8,86.3,97,9,50,0.0,46.98,1
41.9,43.3,8.113,6.0,42.4,46.2,17.856,0.0,18.3,29.3,40.8,97,9,0,75.8,13.33,0
52.8,60.2,32.081,27.7,46.8,50.4,37.014,0.0,18.8,30.4,42.3,97,9,0,96.7,5.88,0
42.1,43.2,7.201,3.1,43.0,47.0,18.336,0.0,14.0,29.3,39.7,97,9,0,24.8,40.29,0
47.7,53.5,15.774,14.1,46.1,49.3,18.468,0.0,14.6,29.3,39.8,97,9,0,25.2,39.71,0
52.4,59.1,26.401,19.4,47.4,52.4,32.188,0.0,15.0,29.8,40.6,97,9,0,53.0,19.07,0
76.61645046106952,48.6,14.54880777099804,7.4,71.1,70.5,26.809419435797988,42.13305967228651,16.3,79.3,75.1,97,9,37,0.0,76.07,1
74.83983711704472,55.3,42.49466998919336,18.0,72.7,62.3,28.958401822321214,53.36854225156291,15.0,59.7,80.4,97,9,41,0.6000000000000014,48.510000000000005,1
73.84049211103077,44.9,15.343233868368069,6.9,69.4,68.1,32.75754324871715,81.45724869975392,17.1,62.3,95.4,97,9,32,15.600000000000001,57.57,1
46.5,49.6,13.032,10.2,46.2,49.3,16.872,0.0,16.0,29.7,40.5,97,9,5,13.2,76.54,0
78.83721714110052,46.3,18.633696623555487,4.6,68.2,74.7,31.759442826797912,70.22176612047751,18.1,79.0,95.5,97,9,58,0.0,68.19,1
73.17426210702148,58.6,49.856483144883086,26.9,60.0,73.7,38.09114386039176,64.60402483083931,16.6,59.8,95.8,97,9,39,64.9,30.96,1
41.9,43.3,7.2,4.6,42.9,46.8,18.824,0.0,18.6,29.7,41.2,97,9,3,27.1,37.31,0
41.5,42.5,5.871,2.2,42.5,46.5,15.91,0.0,16.9,29.4,40.4,97,9,0,76.6,13.07,0
87.83132219522606,56.9,41.24162626800138,14.7,77.3,68.0,63.258805800605934,50.55967160674381,17.5,63.8,78.6,97,9,58,106.5,34.21,1
68.06649874295016,43.4,13.290979373820592,3.4,71.4,65.1,30.665363479994415,77.24394273252527,14.3,64.5,78.1,97,9,45,0.0,62.89,1
49.0,51.3,14.588,8.0,48.5,52.0,19.45,0.0,16.0,31.6,42.3,97,9,0,28.6,35.43,0
70.28726542298116,46.7,19.652765348217073,11.3,64.7,74.8,32.8903332878901,43.53749499469606,16.4,72.3,93.2,97,9,57,63.599999999999994,27.07,1
49.0,53.5,20.579,19.5,45.8,49.1,16.4,0.0,16.0,29.8,40.7,97,9,1,165.0,5.35,0
42.5,43.5,6.57,2.4,43.4,47.3,15.919,0.0,16.9,29.4,40.4,97,9,0,76.5,13.18,0
78.28202547109277,43.4,10.695685873325843,2.2,60.4,62.5,25.898425508221624,67.41289547565842,16.9,65.4,85.4,97,9,30,33.5,28.18,1
42.3,43.4,7.424,3.4,43.4,47.1,18.518,0.0,14.3,29.5,40.1,97,9,0,28.5,34.89,0
49.6,51.4,14.185,12.8,48.5,52.7,17.486,0.0,16.1,31.5,42.2,97,9,0,5.7,40.04,0
67.84442207494708,46.3,23.688211254503745,8.0,73.5,77.4,32.309722467546386,63.19958950842976,16.6,77.7,73.7,97,9,52,0.0,66.33,1
45.7,47.6,12.509,6.9,45.5,49.3,20.032,0.0,17.7,31.0,42.5,97,9,0,64.1,15.79,0
75.39502878705248,56.0,30.033135039610816,13.7,67.7,78.1,31.86413785623417,70.22176612047751,15.9,89.3,79.0,97,9,47,0.0,59.03,1
58.7,68.9,43.904,50.3,47.7,49.8,21.971,0.0,15.5,30.0,40.8,97,9,0,116.8,8.6,0
80.72486881912688,54.0,32.49468712214165,10.0,76.6,68.8,56.01029301154554,51.96410692915336,16.4,68.7,100.5,97,9,45,10.899999999999999,38.09,1
46.0,48.2,12.648,9.6,45.4,48.9,16.523,0.0,15.5,29.8,40.5,97,9,0,29.4,34.46,0
43.6,44.9,8.782,5.8,44.0,47.9,18.111,0.0,15.0,29.3,39.8,97,9,0,25.2,39.6,0
41.4,42.4,5.321,2.2,42.5,46.7,15.828,0.0,16.9,29.4,40.4,97,9,0,76.6,13.07,0
55.8,63.9,29.291,27.2,49.5,52.3,18.577,0.0,15.2,31.7,42.2,97,9,0,34.3,28.92,0
46.1,50.2,11.564,8.5,46.1,49.2,18.859,0.0,16.8,29.2,40.4,97,9,0,73.2,13.8,0
77.83787213508657,42.2,9.970641960371454,2.8,57.0,74.1,30.268421977323776,56.17741289638201,16.9,71.3,75.4,97,9,45,0.0,41.05,1
70.84245709298892,52.3,26.428066801685564,9.7,72.4,65.8,29.32939648541436,60.39071886361066,18.0,79.1,94.6,97,9,51,32.0,55.06,1
67.73338374094551,43.5,10.701067822833503,3.0,71.1,66.0,32.038168497602825,46.346365639515156,17.9,66.7,86.2,97,9,58,0.0,62.95,1
74.83983711704472,45.5,12.154261827660958,3.8,67.6,73.2,36.444779925568895,54.77297757397246,18.0,88.0,87.5,97,9,53,34.3,48.230000000000004,1
75.17295211904937,46.6,13.54147611953624,3.6,63.3,76.7,29.353511605933818,77.24394273252527,16.3,75.2,85.9,97,9,43,0.0,56.96,1
43.3,45.1,10.301,9.3,43.0,46.8,18.184,0.0,16.8,29.3,40.5,97,9,1,55.5,18.15,0
42.4,43.3,6.394,2.3,43.3,47.3,15.7,0.0,16.9,29.4,40.4,97,9,0,76.5,13.18,0
79.05929380910362,43.2,9.778429566124219,2.3,67.2,64.0,24.825485928896704,63.19958950842976,16.9,65.4,84.4,97,9,33,52.5,50.18,1
91.49558721727723,63.7,57.44560505305568,23.5,75.7,67.7,36.21933509045337,54.77297757397246,15.3,74.1,87.8,97,9,47,123.1,36.21,1
79.39240881110827,44.8,16.004484667548304,5.7,60.8,67.1,36.414783520641585,46.346365639515156,16.7,64.5,97.6,97,9,53,78.1,39.86,1
44.0,45.0,9.304,4.9,44.3,47.9,16.128,0.0,17.1,29.6,40.8,97,9,0,83.4,11.47,0
41.6,42.7,5.966,2.4,42.7,46.6,15.857,0.0,14.9,29.3,40.0,97,9,0,9.0,28.4,0
57.5,65.3,35.481,31.4,50.2,51.6,21.137,0.0,15.5,30.3,41.2,97,9,1,160.1,6.25,0
75.39502878705248,55.6,41.044432965748875,15.4,74.3,75.5,34.182981244505946,44.94193031710561,14.9,66.7,87.4,97,9,33,6.899999999999999,51.77,1
84.05601883917338,61.3,48.81751528839281,22.9,67.4,67.6,68.60052789807416,73.03063676529662,15.9,84.0,86.1,97,9,41,117.30000000000001,19.25,1
67.06715373693622,46.1,17.75215054080337,6.3,68.9,69.8,32.39391420550302,67.41289547565842,16.2,84.3,76.3,97,9,57,5.0,67.51,1
72.17491710100752,46.3,17.475107425011792,6.4,57.2,67.0,31.230730460569745,71.62620144288707,17.1,66.2,72.4,97,9,53,14.399999999999999,56.58,1
71.73076376500131,44.3,19.892159430460904,9.2,66.4,72.3,37.15236134487013,50.55967160674381,18.0,71.3,88.6,97,9,36,103.8,40.04,1
69.95415042097652,46.8,12.20014025485673,3.6,73.5,71.4,28.21075699856942,54.77297757397246,17.0,70.3,98.4,97,9,58,128.5,21.68,1
45.1,46.3,9.177,6.2,45.6,49.4,18.496,0.0,17.1,30.7,42.0,97,9,0,86.0,9.39,0
80.83590715312842,55.8,43.88649967402153,15.6,72.4,73.8,62.21248577788442,71.62620144288707,16.3,74.9,80.6,97,9,42,7.100000000000001,34.96,1
42.2,45.1,7.867,4.5,42.3,46.3,16.006,0.0,18.6,29.6,41.2,97,9,0,10.2,36.58,0
66.84507706893312,43.6,14.472655215928404,5.1,65.5,62.9,38.71594262573402,64.60402483083931,16.5,86.7,78.8,97,9,54,0.6000000000000014,68.06,1
49.6,61.3,27.536,16.8,44.0,48.8,38.138,0.0,14.8,29.5,40.4,97,9,0,151.2,3.11,0
43.7,44.9,9.627,5.9,44.0,48.0,18.097,0.0,15.0,29.2,39.8,97,9,0,25.0,39.93,0
78.94825547510207,44.4,17.08606128344769,4.6,65.6,68.5,66.79767904701801,61.79515418602021,17.1,62.5,80.7,97,9,32,0.0,131.88,1
44.0,44.9,7.025,2.9,45.1,49.0,17.392,0.0,16.6,30.7,41.9,97,9,0,25.9,8.18,0
69.62103541897187,46.7,15.436911595052226,4.4,66.1,78.0,37.07328560750703,71.62620144288707,16.5,86.2,81.0,97,9,30,0.0,59.98,1
80.72486881912688,45.1,16.125330749944684,7.2,66.9,77.2,36.21500675048749,67.41289547565842,17.5,76.5,82.6,97,9,44,116.5,32.13,1
70.17622708897963,42.2,8.119186271713989,2.6,63.1,68.2,28.43565428292356,61.79515418602021,18.6,78.7,100.3,97,9,49,0.0,111.51,1
66.62300040093002,45.1,12.971266063911994,4.3,65.5,75.4,28.088706622543633,70.22176612047751,18.0,77.7,99.1,97,9,55,0.0,71.64,1
47.2,50.8,14.964,13.9,46.2,48.9,15.72,0.0,14.2,29.6,39.9,97,9,0,12.7,46.9,0
68.84376708096102,48.2,19.176366074817427,9.6,74.4,72.9,25.458031093437373,49.15523628433426,15.5,62.8,86.5,97,9,37,5.399999999999999,66.46000000000001,1
55.0,63.7,32.747,27.4,48.7,51.5,38.919,0.0,15.2,30.1,41.3,97,9,0,97.9,9.7,0
44.5,46.6,10.744,7.4,44.2,47.9,19.142,0.0,16.0,29.1,39.9,97,9,0,165.0,6.06,0
90.16312720925863,61.2,45.37769499530129,18.9,66.6,75.3,39.36350523693213,70.22176612047751,15.3,85.1,80.1,97,9,60,88.80000000000001,33.39,1
81.16902215513306,51.4,39.22218742593791,16.4,69.9,76.9,46.18506794947263,56.17741289638201,16.1,78.2,73.1,97,9,54,142.9,30.1,1
50.6,53.8,17.596,19.2,47.8,52.3,17.46,0.0,16.0,31.4,42.2,97,9,0,3.7,39.98,0
56.1,67.3,34.718,26.8,48.3,50.0,21.318,0.0,15.1,30.0,41.0,97,9,1,156.6,3.43,0
52.4,59.4,31.261,32.9,44.1,48.5,20.239,0.0,17.3,29.9,41.3,97,9,0,131.5,7.47,0
70.73141875898737,46.7,12.716472640467483,4.3,75.2,72.0,31.33631141837251,46.346365639515156,16.4,85.2,86.0,97,9,48,0.0,57.32,1
45.9,46.8,7.239,3.3,46.6,51.1,17.463,0.0,16.3,31.2,42.0,97,9,0,3.7,40.02,0
74.83983711704472,49.4,28.648255004915317,9.9,70.0,72.8,34.11773086690982,43.53749499469606,18.0,83.1,97.6,97,9,31,14.0,48.06,1
75.06191378504782,46.5,13.323464106616566,3.9,69.1,72.5,27.92658478147195,73.03063676529662,16.3,75.2,85.0,97,9,44,0.0,64.02000000000001,1
71.06453376099202,53.5,40.546102235309526,19.5,71.8,75.1,32.478400522193205,77.24394273252527,16.0,79.8,70.7,97,9,49,134.0,40.35,1
70.06518875497807,43.3,9.413267307379128,3.6,60.0,70.8,24.91984477659547,80.05281337734436,16.2,66.3,92.3,97,9,44,0.0,55.13,1
42.1,43.3,6.106,3.6,43.0,46.8,15.646,0.0,16.2,29.3,40.3,97,9,0,27.2,37.13,0
90.49624221126328,62.8,52.10770671949161,20.8,64.2,66.8,37.885516126387635,71.62620144288707,15.7,86.9,90.9,97,9,52,129.0,39.57,1
85.94367051719973,59.1,52.60776851180999,19.4,72.4,77.4,54.647421143550055,43.53749499469606,15.0,67.8,85.6,97,9,51,11.0,33.07,1
71.06453376099202,45.0,15.948518937421383,4.9,70.3,64.9,25.4854664493817,70.22176612047751,17.1,66.6,70.8,97,9,56,62.400000000000006,29.47,1
81.61317549113927,46.4,12.874558579926756,3.6,71.1,70.8,74.1671075830228,44.94193031710561,16.5,70.2,89.0,97,9,42,0.0,60.01,1
68.06649874295016,48.7,21.556520665823825,8.5,74.7,71.7,29.74418354994519,43.53749499469606,15.8,83.7,71.5,97,9,45,0.0,59.33,1
70.62038042498583,46.6,14.488495960281055,4.4,70.0,67.4,50.456998453094286,49.15523628433426,16.5,68.2,79.0,97,9,43,0.0,77.07,1
41.4,42.7,6.339,4.0,42.1,46.6,16.195,0.0,18.4,29.7,41.3,97,9,7,11.1,91.35,0
77.83787213508657,43.2,12.824501025063656,3.1,65.0,71.0,34.14550706252622,61.79515418602021,14.0,79.3,82.7,97,9,48,0.0,54.29,1
46.3,50.3,20.245,15.8,42.2,47.9,36.324,0.0,17.6,29.7,41.2,97,9,0,78.7,12.68,0
63.51392704888662,42.3,7.577854083620238,2.3,65.4,62.4,30.22859997058498,42.13305967228651,18.6,79.6,75.2,97,9,32,0.0,118.45,1
79.39240881110827,43.6,15.174565566690948,4.8,62.1,71.0,30.188872253323012,53.36854225156291,14.0,68.3,90.8,97,9,54,0.0,59.62,1
81.83525215914237,57.6,41.69852755516035,18.8,72.2,61.9,34.611908502868395,71.62620144288707,15.7,81.9,81.0,97,9,56,117.9,16.53,1
42.5,43.4,6.287,2.2,43.5,47.4,15.813,0.0,16.9,29.4,40.6,97,9,0,76.5,13.18,0
51.7,60.7,25.307,18.4,49.0,50.2,23.022,0.0,15.2,30.1,41.1,97,9,1,96.0,4.49,0
84.05601883917338,52.3,27.48729362109201,10.0,72.4,68.5,38.47482495926473,77.24394273252527,15.5,80.3,86.1,97,9,41,124.0,25.13,1
43.1,44.3,8.311,4.0,43.7,48.4,26.286,0.0,16.7,29.5,40.6,97,9,0,35.8,27.63,0
76.50541212706798,45.1,17.095351656000215,5.2,64.5,67.9,31.53345776627668,46.346365639515156,15.1,76.4,71.0,97,9,30,1.8999999999999986,62.5,1
71.17557209499357,52.0,28.051881546831368,10.5,61.7,63.3,36.83565660100886,53.36854225156291,15.6,72.5,83.5,97,9,52,72.7,43.89,1
42.1,43.1,6.021,2.4,43.1,47.0,15.745,0.0,16.9,29.4,40.4,97,9,0,76.6,13.07,0
46.5,49.7,14.436,7.5,45.4,48.8,16.593,0.0,16.8,30.6,41.7,97,9,0,40.1,24.87,0
41.5,43.0,6.853,4.9,42.3,46.0,16.018,0.0,17.1,29.4,40.5,97,9,0,16.9,59.63,0
52.9,58.2,27.42,20.3,47.0,52.3,38.209,0.0,16.9,31.6,42.7,97,9,0,139.9,7.15,0
78.05994880308967,51.0,22.769106002749268,7.3,69.6,80.3,28.345123345589855,66.00846015324886,16.1,73.4,82.1,97,9,53,0.0,76.03999999999999,1
42.2,43.6,8.163,5.1,42.5,46.9,19.434,0.0,16.5,29.7,40.8,97,9,1,28.6,35.06,0
83.50082716916563,53.7,34.60669218324833,20.9,68.2,69.9,25.072068357520287,66.00846015324886,14.2,85.5,70.9,97,9,48,0.0,60.14,1
88.83066720124003,66.3,60.278742130052585,25.4,61.4,76.1,33.10989774834123,50.55967160674381,14.9,81.8,96.5,97,9,34,117.0,33.09,1
50.2,54.5,25.608,22.3,45.1,49.6,37.196,0.0,15.9,29.1,40.1,97,9,0,43.3,22.83,0
80.05863881511756,50.2,22.66032706574121,8.5,61.1,78.2,34.51970330550279,60.39071886361066,16.8,74.2,81.4,97,9,58,49.2,44.8,1
43.4,44.7,7.655,4.4,44.2,48.0,19.032,0.0,16.2,29.4,40.5,97,9,1,165.0,6.06,0
79.05929380910362,46.3,15.260490714968107,5.4,66.1,65.5,36.79470707360267,67.41289547565842,17.2,63.7,77.1,97,9,38,13.700000000000003,54.85,1
46.5,49.9,13.36,9.3,45.6,49.2,18.207,0.0,15.2,29.2,40.1,97,9,1,20.3,49.51,0
53.7,60.4,26.997,19.9,50.0,51.5,19.62,0.0,15.1,30.5,41.1,97,9,0,154.8,3.9,0
76.50541212706798,43.1,11.130464861829658,3.3,58.8,72.7,29.64857737975113,44.94193031710561,16.5,81.7,82.8,97,9,49,0.0,72.78999999999999,1
77.06060379707573,42.7,12.477206317306665,4.0,62.1,69.6,26.155359698347038,54.77297757397246,18.4,60.7,74.3,97,9,63,0.0,112.35,1
79.72552381311291,44.3,18.87330870865321,6.0,59.6,71.5,27.598683057814977,54.77297757397246,14.9,82.3,93.0,97,9,38,0.0,44.4,1
73.61841544302767,43.5,12.55237777011627,3.7,66.1,62.9,27.17584634176727,46.346365639515156,14.9,59.3,98.9,97,9,57,19.4,35.7,1
46.1,49.8,11.915,8.2,45.8,49.2,16.856,0.0,14.3,29.2,39.6,97,9,0,34.7,29.11,0
49.6,56.6,19.081,10.5,48.1,50.1,18.569,0.0,14.9,29.9,40.6,97,9,0,30.5,32.91,0
73.50737710902612,46.6,22.872862105232006,7.8,71.0,63.8,59.96184296226718,63.19958950842976,15.9,59.1,93.7,97,9,48,0.0,44.08,1
41.5,42.7,5.651,3.2,42.6,46.2,15.715,0.0,17.1,29.2,40.4,97,9,0,38.8,26.03,0
79.72552381311291,56.2,31.067817189701888,14.1,68.9,70.8,28.553671837177077,50.55967160674381,14.6,77.4,74.0,97,9,40,4.300000000000001,65.50999999999999,1
75.83918212305866,54.8,35.606959275162296,13.1,76.5,78.3,35.02747860179607,57.58184821879156,15.0,77.7,86.2,97,9,39,5.300000000000001,52.3,1
65.06846372490833,43.0,11.253215770582376,3.9,58.2,62.2,29.96533997445783,57.58184821879156,17.2,84.4,96.5,97,9,48,0.0,247.64,1
74.61776044904163,46.8,21.692062281517646,8.8,67.3,73.6,39.069422667471656,47.75080096192471,16.9,62.3,83.4,97,9,48,22.1,55.09,1
42.0,43.6,8.537,6.2,42.3,46.3,17.669,0.0,17.1,29.3,40.4,97,9,0,47.9,21.03,0
41.6,42.8,6.908,3.3,42.5,46.1,16.16,0.0,17.1,29.2,40.4,97,9,0,36.8,20.09,0
76.94956546307417,45.1,20.379502958843815,9.3,62.0,61.8,34.52048585093974,66.00846015324886,16.8,68.3,91.5,97,9,53,18.5,39.15,1
88.16443719723073,64.0,58.15652885241348,21.2,70.2,69.7,40.40352451819947,70.22176612047751,16.7,89.7,77.7,97,9,37,105.4,35.54,1
65.40157872691297,43.2,14.34640792577354,5.7,63.3,65.4,27.921567224744983,42.13305967228651,16.3,77.9,81.0,97,9,40,0.0,143.41,1
55.2,59.9,28.019,19.6,51.0,53.5,24.263,0.0,16.9,31.7,42.7,97,9,0,156.2,6.4,0
72.28595543500906,51.8,28.595836561725868,14.5,65.6,72.7,70.21231220705236,56.17741289638201,17.1,65.9,100.3,97,9,44,107.0,35.06,1
49.7,51.9,16.327,6.7,49.2,52.3,19.213,0.0,15.0,31.6,42.0,97,9,0,25.5,39.1,0
45.2,49.9,15.934,11.2,42.9,47.1,22.916,0.0,14.9,29.4,40.2,97,9,0,96.2,6.16,0
41.6,42.6,5.264,2.3,42.6,46.6,15.678,0.0,16.9,29.4,40.4,97,9,0,76.6,13.07,0
79.83656214711448,66.4,58.52019378094467,26.9,73.2,75.3,35.64499336574333,44.94193031710561,16.2,75.0,80.0,97,9,34,140.0,26.55,1
42.6,44.3,10.413,9.2,42.4,46.3,20.371,0.0,18.0,29.3,40.6,97,9,1,124.8,8.04,0
68.06649874295016,47.2,13.706627436770008,3.7,65.2,76.8,29.251857608861126,56.17741289638201,16.3,83.3,76.0,97,9,52,0.0,61.98,1
45.5,49.2,17.256,13.4,42.7,48.2,21.134,0.0,17.0,29.7,40.9,97,9,0,90.3,11.15,0
45.7,48.1,11.334,9.4,45.1,49.2,19.328,0.0,15.9,29.8,40.5,97,9,2,21.1,47.94,0
53.4,61.6,28.153,20.6,49.1,50.1,19.976,0.0,15.9,30.0,40.9,97,9,0,156.1,3.79,0
49.6,53.4,19.55,13.1,46.2,50.4,19.898,0.0,16.6,31.2,42.1,97,9,0,75.9,13.29,0
41.6,42.7,4.745,2.3,42.7,46.8,15.655,0.0,16.9,29.4,40.4,97,9,0,76.6,13.07,0
42.0,43.2,7.149,3.4,42.9,46.4,15.578,0.0,14.9,29.3,40.0,97,9,0,20.6,41.99,0
41.9,43.7,6.384,3.6,42.8,46.8,17.036,0.0,16.3,29.6,40.7,97,9,0,8.1,124.73,0
77.61579546708347,55.6,40.83137224099336,20.8,67.8,78.2,67.89485510689086,42.13305967228651,16.2,61.4,89.4,97,9,32,117.0,43.06,1
47.6,53.5,15.748,14.0,46.2,49.5,18.73,0.0,14.7,29.3,39.9,97,9,0,25.5,39.18,0
79.05929380910362,46.2,25.928455310949094,8.9,68.8,68.8,55.43796123848654,58.98628354120111,14.9,84.3,90.1,97,9,38,4.200000000000003,35.05,1
84.16705717317492,63.3,50.787671933636084,21.3,73.1,71.4,36.273695324155725,82.86168402216346,15.3,84.5,92.2,97,9,42,130.8,28.1,1
41.4,42.4,5.474,2.1,42.4,46.3,15.439,0.0,16.9,29.3,40.4,97,9,0,76.6,13.07,0
47.9,50.4,13.86,7.5,47.2,50.3,17.407,0.0,16.6,31.2,42.1,97,9,0,36.4,24.56,0
83.94498050517181,62.2,54.26940636598309,26.8,67.0,69.6,38.36428249735444,46.346365639515156,15.3,88.3,93.1,97,9,33,94.1,31.310000000000002,1
88.49755219923537,60.7,45.449964156675115,18.4,70.0,65.2,38.51599671015975,58.98628354120111,15.2,83.1,94.1,97,9,59,65.0,25.490000000000002,1
82.27940549514857,56.5,39.04089568099676,13.6,75.5,71.4,34.974409662007616,68.81733079806796,16.1,74.7,97.3,97,9,53,11.0,44.019999999999996,1
48.9,55.6,23.365,15.4,45.3,47.5,18.235,0.0,14.9,29.7,40.4,97,9,0,27.9,35.77,0
67.62234540694396,46.8,15.707691765839359,3.8,69.3,72.1,30.896137699139494,73.03063676529662,16.3,72.2,80.0,97,9,40,0.0,70.02000000000001,1
68.95480541496258,43.4,16.42839169451311,5.5,64.5,67.6,38.2286631752923,73.03063676529662,16.3,63.9,89.9,97,9,50,0.0,118.94,1
79.94760048111603,51.3,28.46958382198731,8.0,65.5,81.0,33.545744047453596,75.83950741011571,16.0,82.6,96.3,97,9,46,4.600000000000001,57.43,1
67.40026873894087,48.1,19.569515878978986,9.4,67.1,71.2,33.75902744731864,51.96410692915336,15.9,79.8,91.5,97,9,53,0.0,76.94,1
77.28268046507881,57.9,39.068711413141784,18.0,74.6,71.8,28.819792120235967,80.05281337734436,15.4,83.7,70.5,97,9,57,123.0,19.09,1
45.4,46.3,7.682,3.7,46.0,50.4,16.841,0.0,15.9,31.2,41.8,97,9,0,3.0,40.04,0
81.83525215914237,46.6,14.784493516113143,4.4,62.1,70.8,28.69861569406056,56.17741289638201,16.5,76.2,99.0,97,9,37,0.0,50.04,1
65.29054039291141,43.9,10.191218617527776,2.5,58.8,65.6,25.446798665944563,70.22176612047751,17.3,87.5,96.7,97,9,31,0.0,158.09,1
49.2,54.0,19.702,16.1,47.1,50.8,34.059,0.0,15.1,29.7,40.4,97,9,0,96.9,10.39,0
78.39306380509431,56.6,33.20447076604596,10.5,73.1,75.1,28.12641273162629,44.94193031710561,14.9,81.9,71.6,97,9,32,5.5,43.91,1
78.05994880308967,49.3,23.4594782853291,11.9,62.6,75.3,35.89313854231551,71.62620144288707,16.0,64.4,91.3,97,9,54,144.0,18.06,1
68.84376708096102,45.2,12.567211513043247,4.6,64.0,65.6,31.755802794564694,49.15523628433426,16.6,74.8,85.7,97,9,51,0.0,73.22,1
42.5,43.4,6.401,2.2,43.4,47.5,15.895,0.0,16.9,29.4,40.4,97,9,0,76.5,13.18,0
56.0,68.3,33.599,24.3,50.5,50.2,20.988,0.0,15.0,30.0,41.0,97,9,1,122.7,8.08,0
81.83525215914237,60.4,48.17724621153385,19.9,74.0,74.5,39.162827833301996,71.62620144288707,15.1,87.5,92.1,97,9,56,134.8,13.9,1
67.95546040894862,44.9,16.110224029598996,7.5,60.8,72.4,63.0268582640454,66.00846015324886,17.4,81.7,80.0,97,9,35,0.0,39.58,1
46.0,47.0,7.282,3.4,46.8,51.6,17.517,0.0,16.3,31.2,42.0,97,9,0,4.0,39.98,0
56.4,67.1,34.265,26.5,49.8,50.2,21.108,0.0,15.0,30.0,41.0,97,9,1,135.8,3.39,0
80.50279215112377,46.6,14.232845319887604,5.1,61.9,65.2,27.571400464386077,47.75080096192471,15.9,65.2,72.8,97,9,38,1.7999999999999972,45.010000000000005,1
55.8,63.9,30.211,21.9,51.1,52.7,21.518,0.0,15.1,31.6,42.2,97,9,1,160.2,6.25,0
67.28923040493932,44.2,14.907009290175017,5.3,64.0,70.9,25.84801980342537,53.36854225156291,14.2,65.9,71.0,97,9,62,0.0,68.00999999999999,1
74.06256877903388,51.9,26.683807807013597,6.7,75.2,77.3,35.08412195818815,68.81733079806796,15.0,69.6,79.0,97,9,54,0.0,71.1,1
48.5,49.6,9.909,6.8,48.7,53.0,17.478,0.0,16.1,31.5,42.2,97,9,0,6.9,40.04,0
48.5,54.5,18.759,13.7,45.5,49.2,18.322,0.0,14.3,29.2,40.1,97,9,0,91.0,11.07,0
78.28202547109277,54.3,30.978324469557993,11.6,67.4,73.5,34.15355841817326,61.79515418602021,15.0,71.7,73.4,97,9,38,5.600000000000001,45.7,1
90.05208887525707,64.7,64.71664355695152,30.9,64.3,76.7,59.40449346262677,54.77297757397246,15.8,60.0,76.0,97,9,37,117.30000000000001,40.04,1
49.2,53.7,20.29,20.9,46.2,48.9,15.57,0.0,14.2,29.5,39.9,97,9,0,21.2,35.14,0
45.9,46.8,7.907,3.8,46.3,51.1,17.546,0.0,16.3,31.2,42.0,97,9,0,3.1,40.02,0
45.7,46.6,8.366,4.4,46.1,50.8,18.15,0.0,16.5,31.2,42.0,97,9,0,3.6,40.04,0
55.8,65.9,35.975,31.9,48.3,50.4,21.197,0.0,15.1,30.0,41.3,97,9,0,114.9,8.65,0
72.28595543500906,48.4,15.697690777951342,5.1,70.6,78.8,30.83631038879713,78.64837805493481,16.2,84.2,99.0,97,9,50,0.0,74.97999999999999,1
77.72683380108502,50.9,22.338316206544757,9.4,74.1,64.1,26.93512758166359,44.94193031710561,14.3,67.2,89.6,97,9,53,0.0,65.19,1
75.95022045706023,47.4,20.56207525564816,8.0,64.1,64.8,31.413864079870915,44.94193031710561,18.1,65.0,75.5,97,9,42,0.0,89.08,1
55.6,60.9,28.918,21.2,51.2,53.3,23.611,0.0,17.0,31.7,42.8,97,9,0,131.2,7.48,0
80.83590715312842,44.8,12.751138196472457,4.8,62.3,75.9,25.90952025040814,56.17741289638201,17.1,63.6,89.8,97,9,30,2.0,67.71000000000001,1
85.38847884719198,69.4,56.78059340236498,24.2,71.5,67.0,36.66069440259366,75.83950741011571,15.1,64.1,85.0,97,9,54,97.3,39.04,1
76.72748879507107,56.3,47.7735186718895,16.0,68.4,66.5,39.97358149470092,58.98628354120111,16.5,85.3,79.1,97,9,43,137.5,41.32,1
91.16247221527257,61.2,54.05776054768211,22.2,65.9,75.1,56.65633021025531,50.55967160674381,17.1,78.7,91.7,97,9,30,118.0,23.3,1
74.28464544703698,51.2,25.058066479885586,7.9,70.0,80.8,34.115038905169136,73.03063676529662,14.9,90.6,99.0,97,9,37,0.0,65.33,1
73.72945377702922,42.4,8.523037353514514,2.4,64.4,69.5,28.98727638920605,43.53749499469606,16.5,71.7,93.7,97,9,43,0.0,82.38,1
76.39437379306642,48.0,13.4277866307067,4.3,66.4,68.0,30.767510046896316,75.83950741011571,16.3,63.2,99.0,97,9,48,0.0,74.02000000000001,1
76.50541212706798,66.9,46.731290837944776,18.0,68.6,75.0,37.72626867419574,44.94193031710561,14.9,64.7,83.7,97,9,45,0.0,53.71,1
74.61776044904163,50.8,26.95601404129832,13.9,65.2,65.9,26.868622338927754,44.94193031710561,14.2,66.6,74.9,97,9,35,0.0,70.9,1
74.39568378103853,43.6,13.68773219013389,6.2,68.3,66.3,33.76115613387103,64.60402483083931,17.1,63.3,72.4,97,9,56,16.9,58.03,1
69.39895875096877,44.9,16.55258133617418,6.8,61.6,69.2,33.180134524414136,71.62620144288707,17.2,61.2,70.4,97,9,43,3.1000000000000014,59.59,1
45.1,46.3,11.935,8.0,44.5,48.4,18.094,0.0,16.6,29.7,40.7,97,9,0,25.4,39.33,0
47.7,53.8,15.026,13.7,46.4,49.4,18.59,0.0,14.6,29.3,39.8,97,9,0,25.2,39.69,0
41.1,42.2,4.701,2.4,42.2,46.2,15.913,0.0,18.6,29.6,41.2,97,9,0,6.2,96.45,0
77.06060379707573,43.3,10.586588350123968,2.3,62.3,64.3,26.112503575550846,81.45724869975392,16.9,80.4,84.4,97,9,52,33.5,47.18,1
43.5,44.8,7.556,4.2,44.5,48.2,18.93,0.0,16.2,29.4,40.5,97,9,0,165.0,6.06,0
71.39764876299667,42.3,9.566937243025368,2.2,61.3,63.4,28.98844095940886,66.00846015324886,16.9,79.4,72.4,97,9,33,0.0,41.05,1
46.1,54.1,20.648,15.4,42.4,47.9,28.58,0.0,15.5,29.6,41.0,97,9,0,126.5,7.83,0
76.28333545906487,53.5,27.428737344372355,14.1,73.1,70.3,33.19416746953863,74.43507208770616,14.6,69.3,71.8,97,9,34,0.0,60.71,1
85.83263218319817,56.7,35.16244032989983,13.8,79.5,68.4,34.9321491423645,64.60402483083931,15.2,83.6,91.2,97,9,49,99.19999999999999,21.91,1
74.50672211504006,49.5,20.572688092598913,8.6,72.9,66.2,25.061592887117364,71.62620144288707,14.2,60.6,82.9,97,9,49,0.0,103.73,1
83.16771216716099,52.9,29.062396826013916,8.6,68.5,67.6,32.33596635589572,73.03063676529662,16.1,72.5,90.2,97,9,38,0.0,65.97999999999999,1
44.0,45.6,9.54,5.5,44.3,48.1,16.13,0.0,17.1,29.6,40.7,97,9,0,84.1,11.38,0
69.84311208697497,43.3,13.160601487370672,4.6,71.9,71.8,37.1237858122231,46.346365639515156,18.6,69.7,90.2,97,9,36,3.1000000000000014,69.31,1
48.8,56.2,16.254,14.1,46.9,49.8,18.778,0.0,14.6,29.4,40.0,97,9,0,25.3,39.51,0
64.95742539090676,42.8,13.106902351947138,4.7,70.1,73.4,32.79578330721709,58.98628354120111,18.3,86.7,77.1,97,9,54,0.0,46.91,1
73.95153044503232,47.9,19.17254648388417,7.6,69.4,77.8,28.600057112224604,57.58184821879156,16.8,77.6,93.8,97,9,54,0.0,65.77000000000001,1
65.17950205890988,42.9,13.203859308674877,3.8,61.6,63.2,30.803972513588633,58.98628354120111,18.0,79.3,90.6,97,9,57,0.0,42.980000000000004,1
83.83394217117028,62.9,55.81687582799537,21.3,79.7,74.3,35.32514228975269,81.45724869975392,15.1,89.6,98.2,97,9,36,134.5,45.08,1
41.5,42.7,4.782,2.5,42.8,46.6,17.507,0.0,16.7,29.8,40.9,97,9,0,12.2,82.79,0
52.8,59.6,29.173,24.2,46.0,50.6,21.293,0.0,18.1,31.3,42.6,97,9,0,154.9,4.73,0
51.1,56.3,24.7,16.0,46.4,50.5,20.687,0.0,16.5,31.3,42.1,97,9,1,158.5,6.32,0
73.72945377702922,51.5,25.313002626682675,16.6,74.7,64.9,30.216679532586912,57.58184821879156,14.2,80.7,75.1,97,9,54,0.0,124.74,1
51.5,62.2,28.512,21.3,47.0,47.4,21.22,0.0,15.4,29.6,40.8,97,9,0,152.3,5.74,0
42.9,44.4,9.768,7.5,42.9,46.8,17.111,0.0,14.5,28.0,38.6,97,9,0,55.2,18.12,0
85.94367051719973,67.1,57.0555514534197,26.5,70.8,69.2,40.36392125094918,50.55967160674381,15.0,67.0,91.0,97,9,59,115.80000000000001,16.39,1
84.05601883917338,57.3,30.164275031133077,13.3,74.1,81.0,30.010107950374074,51.96410692915336,15.0,72.7,95.0,97,9,30,0.3000000000000007,47.93,1
78.39306380509431,46.6,23.10031771210626,7.6,60.6,75.9,35.291935646643886,73.03063676529662,16.9,66.8,95.0,97,9,52,0.0,68.11,1
70.06518875497807,42.2,10.096474588308851,2.3,67.1,65.1,23.637725160119512,75.83950741011571,16.9,63.3,91.4,97,9,57,0.0,46.05,1
71.17557209499357,46.7,15.492857185793689,7.4,74.8,64.3,29.0209922827235,80.05281337734436,15.5,84.7,97.5,97,9,40,0.0,76.6,1
43.1,44.1,6.958,2.9,44.0,48.0,15.925,0.0,17.3,29.6,40.8,97,9,0,8.1,124.24,0
67.06715373693622,42.7,11.595381912595101,3.9,59.1,62.1,38.04618231642763,78.64837805493481,18.9,74.7,77.3,97,9,46,0.0,92.67,1
48.2,50.9,15.327,9.6,47.1,51.0,21.114,0.0,17.8,31.8,42.9,97,9,0,97.7,10.21,0
68.62169041295792,45.1,13.337099072485849,5.2,62.4,64.2,27.762496420764307,58.98628354120111,17.1,65.7,92.8,97,9,44,52.400000000000006,31.47,1
45.0,46.2,9.524,6.8,45.4,49.1,20.184,0.0,16.9,30.7,42.0,97,9,0,121.8,8.25,0
46.3,49.3,14.355,11.9,44.6,48.3,19.177,0.0,16.0,29.4,40.3,97,9,0,165.0,6.06,0
42.0,43.5,5.66,3.0,43.1,47.0,18.007,0.0,17.9,29.7,41.2,97,9,0,19.4,51.95,0
41.2,42.2,6.041,2.4,42.1,46.3,15.447,0.0,16.9,29.3,40.4,97,9,0,2.4,13.05,0
43.4,44.9,8.075,5.1,44.3,47.8,19.101,0.0,16.0,29.0,39.8,97,9,0,165.0,6.06,0
92.49493222329117,60.4,50.745667217202396,17.5,78.8,74.2,33.79770356712601,75.83950741011571,15.5,80.6,80.3,97,9,51,20.9,29.58,1
55.9,69.4,33.618,24.2,49.5,50.0,20.746,0.0,15.1,30.1,41.0,97,9,1,123.3,8.04,0
81.61317549113927,45.8,15.398508953872286,6.5,66.0,77.4,37.60568487006907,61.79515418602021,16.9,80.2,82.6,97,9,44,13.100000000000001,31.5,1
45.7,46.7,7.889,4.3,46.2,51.0,17.743,0.0,16.4,31.2,42.0,97,9,0,2.7,40.32,0
54.9,66.4,34.256,26.9,46.2,49.3,20.87,0.0,16.2,30.0,41.0,97,9,1,165.0,5.55,0
80.16967714911912,52.2,39.2740167667945,13.3,73.3,71.8,64.45329490893269,58.98628354120111,16.7,76.4,83.5,97,9,43,98.7,35.89,1
70.06518875497807,53.3,30.909559938027616,13.0,69.3,74.2,31.177162641545173,78.64837805493481,14.3,61.2,75.6,97,9,52,0.0,64.14,1
45.7,46.6,8.606,5.0,47.3,50.3,18.999,0.0,16.8,31.2,42.5,97,9,0,157.6,4.81,0
69.95415042097652,43.2,12.116189849190542,3.4,64.9,62.4,24.60736505545719,74.43507208770616,14.9,67.3,73.0,97,9,49,0.0,59.99,1
79.61448547911138,44.8,13.447383968734977,4.0,66.5,63.2,33.786283901652574,66.00846015324886,16.7,86.7,73.8,97,9,34,0.0,52.37,1
41.0,42.1,5.082,2.2,42.1,46.0,15.516,0.0,16.9,29.3,40.4,97,9,0,2.4,13.05,0
44.7,45.8,8.42,4.2,46.2,49.0,16.662,0.0,17.6,31.0,42.5,97,9,0,8.8,103.67,0
69.62103541897187,45.8,15.067021210086821,4.2,66.2,77.0,28.25183532121564,53.36854225156291,17.6,79.0,91.5,97,9,32,0.0,122.67,1
82.94563549915787,56.2,33.27222151893949,16.1,69.6,64.9,34.49627800425425,71.62620144288707,14.6,78.3,82.9,97,9,41,0.0,60.6,1
41.4,42.5,5.716,2.3,42.4,46.5,15.453,0.0,16.9,29.4,40.4,97,9,0,76.6,13.07,0
75.95022045706023,46.3,12.586954806359467,3.8,70.9,66.5,26.557540672003746,80.05281337734436,15.9,72.2,82.8,97,9,41,0.0,69.03999999999999,1
72.73010877101527,43.4,9.808237570377035,2.2,67.5,68.4,29.701840982625587,71.62620144288707,16.9,61.4,89.6,97,9,57,56.5,31.18,1
45.0,46.3,10.149,4.6,45.2,48.7,18.27,0.0,18.1,31.0,42.5,97,9,1,18.3,55.19,0
43.7,44.8,9.22,5.0,44.3,48.0,18.127,0.0,15.0,29.3,39.9,97,9,0,25.0,39.56,0
41.3,42.4,4.451,2.2,42.6,46.4,15.938,0.0,18.7,29.6,41.2,97,9,0,10.2,36.58,0
50.1,56.9,22.468,14.7,48.3,51.0,37.386,0.0,17.5,30.8,42.6,97,9,0,147.5,3.21,0
65.73469372891762,45.5,14.513313875886123,5.6,61.6,68.4,34.7441348405136,61.79515418602021,17.0,89.2,76.5,97,9,40,10.5,61.69,1
45.6,46.6,7.859,3.9,46.2,50.7,17.651,0.0,16.3,31.2,42.0,97,9,0,2.6,40.08,0
42.3,43.4,7.542,3.4,44.1,46.9,18.884,0.0,14.9,29.3,40.0,97,9,0,160.7,5.48,0
52.2,67.1,31.892,23.0,45.5,47.3,21.089,0.0,16.0,29.8,40.9,97,9,1,152.3,5.74,0
46.1,48.6,12.57,8.4,45.1,48.6,16.635,0.0,16.8,30.6,41.7,97,9,0,34.3,29.46,0
49.1,51.4,14.096,8.8,49.1,54.1,31.252,0.0,16.0,31.6,42.3,97,9,0,30.4,32.84,0
89.49689720524933,63.0,53.51000260394607,22.4,74.7,69.2,40.54480222304293,61.79515418602021,15.1,79.6,97.2,97,9,36,117.80000000000001,27.18,1
90.05208887525707,63.7,57.84590072724667,22.7,78.4,73.5,38.01352175073722,82.86168402216346,15.3,77.3,78.0,97,9,59,122.1,19.17,1
51.1,57.8,22.869,15.8,48.3,50.4,18.844,0.0,15.0,30.0,40.6,97,9,0,158.4,6.65,0
91.05143388127102,64.2,67.99470413239544,34.3,64.5,65.9,39.37083076835382,73.03063676529662,14.9,69.0,92.0,97,9,58,111.1,22.79,1
46.2,50.1,11.473,7.8,46.5,49.8,17.862,0.0,15.2,29.3,40.0,97,9,0,165.0,3.13,0
91.93974055328343,63.9,48.95820693475525,21.9,79.1,72.7,33.02079964658184,75.83950741011571,15.1,81.6,91.2,97,9,36,114.19999999999999,22.25,1
71.17557209499357,48.6,22.6983636727908,8.4,68.1,66.6,29.037942390174805,49.15523628433426,16.8,88.6,77.7,97,9,40,9.299999999999997,57.46,1
81.61317549113927,46.7,17.566647766741085,8.4,67.3,64.0,28.1042393132934,75.83950741011571,16.7,71.7,99.0,97,9,47,0.0,54.629999999999995,1
76.83852712907263,50.9,28.51217483647349,9.6,74.1,72.0,37.764344543965926,63.19958950842976,17.8,76.8,87.9,97,9,43,72.7,41.21,1
46.6,50.8,12.801,9.0,46.2,49.3,16.092,0.0,15.5,29.7,40.5,97,9,0,26.6,37.88,0
42.4,44.9,6.755,3.4,42.8,47.0,16.216,0.0,16.3,29.7,41.2,97,9,0,14.9,51.49,0
41.3,42.5,5.517,3.0,42.1,46.2,17.474,0.0,19.0,29.7,41.3,97,9,0,10.1,100.19,0
62.84769704487732,42.8,12.6122284019968,3.3,66.5,70.1,24.770259248158027,74.43507208770616,17.1,76.2,79.4,97,9,52,0.0,30.09,1
88.71962886723848,59.0,41.06513673470489,15.3,66.1,75.7,37.11472670997551,57.58184821879156,15.3,90.6,85.1,97,9,37,95.19999999999999,31.91,1
49.1,53.3,17.031,10.7,47.2,50.6,17.796,0.0,16.6,31.2,42.1,97,9,0,66.3,15.24,0
85.94367051719973,61.6,49.9939266878666,20.6,66.1,76.1,35.00639068034746,57.58184821879156,15.9,74.0,85.9,97,9,33,121.1,39.79,1
75.28399045305092,44.8,13.888661018427133,2.7,65.0,69.7,24.829754973663697,63.19958950842976,17.9,84.8,73.2,97,9,45,0.0,81.35,1
43.4,44.6,8.284,4.7,43.9,47.9,19.388,0.0,16.8,29.5,40.5,97,9,0,131.7,7.58,0
70.28726542298116,42.4,8.193431220298942,2.2,65.6,67.4,30.71419769268422,50.55967160674381,18.7,78.6,91.2,97,9,37,0.0,66.58,1
47.4,50.1,14.702,11.4,45.9,50.4,18.248,0.0,17.6,31.2,42.4,97,9,1,154.8,5.61,0
42.6,44.2,8.416,5.3,43.0,46.9,16.738,0.0,14.2,27.9,38.0,97,9,3,17.7,56.01,0
76.83852712907263,58.4,40.68364813485096,20.3,70.0,70.4,28.28014707243592,43.53749499469606,16.3,78.7,98.6,97,9,39,0.0,60.0,1
76.94956546307417,50.3,36.62577494421032,15.8,60.2,75.9,57.37263710087245,46.346365639515156,17.6,75.7,99.2,97,9,35,46.7,31.68,1
44.5,45.8,9.641,6.5,45.0,48.4,18.843,0.0,16.9,30.2,41.6,97,9,0,54.1,18.5,0
42.2,43.5,7.202,4.3,42.8,46.7,19.935,0.0,16.7,29.8,40.9,97,9,0,19.5,45.58,0
44.4,45.8,9.736,5.6,44.5,48.4,19.104,0.0,16.2,29.4,40.5,97,9,0,165.0,6.06,0
76.50541212706798,44.0,10.6556606242687,2.6,63.9,72.7,29.323749075808834,61.79515418602021,17.3,78.6,97.8,97,9,45,0.0,150.24,1
72.39699376901062,44.3,12.57617078488932,4.4,63.0,62.7,35.58408582872356,49.15523628433426,15.0,80.2,87.8,97,9,42,0.0,58.8,1
81.16902215513306,46.3,17.65962135401187,6.2,74.6,75.4,33.568186231868424,81.45724869975392,17.1,87.7,75.0,97,9,35,64.0,19.39,1
50.9,56.0,16.981,13.7,48.7,52.1,17.778,0.0,15.9,31.3,42.0,97,9,1,3.5,40.03,0
44.3,45.7,9.953,7.2,44.3,48.2,21.544,0.0,16.7,29.7,40.7,97,9,0,44.9,22.54,0
50.3,53.5,18.142,10.2,47.8,52.6,20.742,0.0,16.0,31.6,42.4,97,9,0,26.8,37.23,0
72.28595543500906,44.4,12.612295111407212,4.9,61.5,74.7,24.923023540619344,71.62620144288707,18.7,79.6,87.2,97,9,50,0.0,66.89,1
55.4,63.1,29.271,19.5,50.8,52.9,21.623,0.0,16.0,31.6,42.5,97,9,1,163.7,6.11,0
48.6,56.3,16.312,14.1,46.5,49.7,18.808,0.0,14.6,29.3,39.8,97,9,0,25.2,39.62,0
44.1,45.3,10.25,6.8,44.3,48.1,18.149,0.0,15.1,29.4,40.0,97,9,0,25.0,38.96,0
56.1,63.7,30.793,22.7,51.4,52.5,21.644,0.0,15.3,31.3,42.0,97,9,1,162.1,6.17,0
77.06060379707573,43.6,14.076513579088445,4.5,71.2,65.9,26.87382232653609,74.43507208770616,16.5,76.3,97.4,97,9,55,0.0,48.91,1
45.4,46.3,8.046,3.8,45.9,50.5,16.829,0.0,15.9,31.2,41.8,97,9,0,2.8,40.04,0
46.3,48.7,11.822,8.5,45.7,49.7,19.545,0.0,15.8,29.7,40.5,97,9,1,21.7,46.33,0
41.8,43.4,7.71,5.8,42.1,46.1,15.888,0.0,17.5,29.2,40.4,97,9,0,26.7,37.91,0
74.28464544703698,50.4,27.19360939061451,7.5,66.2,77.3,31.337905153551166,82.86168402216346,16.6,87.2,94.1,97,9,34,3.3999999999999986,53.56,1
85.05536384518732,64.7,48.80060741640126,20.2,65.4,68.0,29.940835926571896,54.77297757397246,14.6,70.4,94.0,97,9,59,4.800000000000001,49.18,1
79.50344714510982,48.5,26.218988741443088,8.9,72.5,69.4,27.676857354429064,57.58184821879156,16.9,68.3,84.4,97,9,32,10.799999999999997,48.8,1
68.51065207895637,46.6,14.97936863062423,5.0,72.3,76.3,34.78367651235071,57.58184821879156,16.8,64.2,74.5,97,9,50,133.6,41.81,1
78.83721714110052,45.6,17.594144526650798,5.5,69.3,70.1,26.88878160708034,73.03063676529662,17.1,75.6,87.7,97,9,32,62.099999999999994,32.38,1
47.8,53.6,15.905,14.9,46.2,49.7,18.64,0.0,14.6,29.3,39.8,97,9,0,25.2,39.7,0
75.72814378905713,45.1,13.140346743987589,4.5,57.3,61.3,28.226773841983533,71.62620144288707,18.6,81.6,80.2,97,9,59,0.0,56.58,1
75.83918212305866,43.6,12.48705414922106,5.5,59.0,69.2,54.24275366913551,68.81733079806796,17.9,86.7,75.1,97,9,43,13.600000000000001,43.760000000000005,1
66.17884706492381,45.7,14.194097682147055,4.8,67.3,76.1,32.51172764227712,78.64837805493481,15.9,76.8,78.7,97,9,49,39.599999999999994,29.52,1
42.3,43.5,7.483,3.7,43.1,46.9,18.01,0.0,14.9,29.3,39.9,97,9,0,42.4,23.7,0
73.84049211103077,56.6,44.26122038815489,17.8,73.3,77.7,34.36803159322851,49.15523628433426,15.4,61.0,74.9,97,9,36,116.69999999999999,34.57,1
67.51130707294242,46.1,15.48494425489977,5.8,63.8,69.7,36.19713653609516,51.96410692915336,18.1,69.9,95.3,97,9,56,0.0,79.1,1
70.50934209098428,49.6,20.653634253783505,10.2,73.2,72.3,28.966316397256094,80.05281337734436,16.0,67.7,98.5,97,9,49,0.0,110.54,1
73.95153044503232,43.6,10.061039416856199,2.1,71.7,65.7,31.07832770352581,80.05281337734436,17.3,78.5,84.7,97,9,31,0.0,161.09,1
46.2,49.4,12.622,5.8,45.4,49.1,20.731,0.0,18.0,31.0,42.5,97,9,0,69.4,14.58,0
80.61383048512532,46.4,16.231400559274267,5.5,60.2,63.8,25.932000419976116,77.24394273252527,18.3,62.0,101.5,97,9,59,0.0,81.82,1
72.73010877101527,43.0,10.413007172861015,4.9,58.3,70.0,24.03524510408368,74.43507208770616,17.1,61.4,74.5,97,9,43,0.0,91.63,1
80.83590715312842,48.9,21.230096626595603,6.2,72.3,77.3,66.25101719330125,74.43507208770616,16.0,83.6,97.3,97,9,42,2.8000000000000007,46.95,1
46.1,49.5,10.853,8.6,45.7,49.3,17.571,0.0,15.2,29.3,40.0,97,9,0,17.0,59.84,0
44.3,46.7,11.985,11.3,43.7,47.8,19.395,0.0,16.4,29.3,40.2,97,9,0,83.6,12.07,0
59.7,66.5,39.734,43.8,50.7,52.2,21.474,0.0,15.5,31.1,41.8,97,9,1,158.4,6.32,0
80.05863881511756,49.3,21.867788686545715,7.9,62.6,65.7,27.04363578715792,44.94193031710561,16.8,79.6,87.8,97,9,41,11.200000000000003,53.3,1
41.4,42.7,6.554,4.0,42.1,46.4,17.681,0.0,18.8,29.7,41.3,97,9,5,8.3,122.63,0
45.1,46.4,9.488,6.7,45.4,49.7,19.525,0.0,15.6,29.7,40.6,97,9,2,41.8,24.06,0
42.4,43.6,7.657,4.5,43.2,46.9,16.316,0.0,16.5,29.3,40.4,97,9,1,32.7,30.91,0
45.6,46.5,8.1,4.9,46.0,50.6,16.873,0.0,16.5,31.2,41.8,97,9,0,3.2,40.05,0
75.39502878705248,44.4,15.875255522069674,7.5,63.9,65.8,30.635168286433405,75.83950741011571,14.5,60.0,93.6,97,9,51,21.200000000000003,40.120000000000005,1
79.83656214711448,45.0,15.697030310285205,4.0,66.0,70.6,47.072472700753444,46.346365639515156,17.2,87.2,96.5,97,9,55,0.0,65.75,1
55.3,62.8,30.454,20.7,49.2,53.3,39.431,0.0,16.2,31.6,42.4,97,9,0,164.6,6.07,0
75.28399045305092,50.3,16.893869514113298,6.0,77.5,73.4,26.825941047771643,42.13305967228651,16.1,84.4,76.2,97,9,38,0.0,58.04,1
55.5,63.5,30.205,21.9,51.0,52.2,20.947,0.0,15.2,30.6,41.2,97,9,1,162.3,6.16,0
67.84442207494708,49.5,18.030557685988306,8.6,72.7,64.3,33.239260358760056,54.77297757397246,15.2,68.3,88.0,97,9,50,0.0,74.84,1
41.4,42.4,5.462,2.4,42.4,46.5,15.566,0.0,16.9,29.4,40.4,97,9,0,2.4,13.05,0
79.39240881110827,52.2,31.249972516905384,10.6,68.7,67.5,32.47982012906142,58.98628354120111,16.7,73.2,90.4,97,9,39,1.3999999999999986,36.69,1
42.9,44.0,6.578,2.6,43.9,47.7,15.855,0.0,17.3,29.6,40.8,97,9,0,8.1,124.24,0
46.3,47.2,7.416,3.7,47.2,51.8,17.605,0.0,16.3,31.3,42.0,97,9,0,4.5,39.98,0
44.0,45.2,8.265,4.6,45.0,48.6,17.922,0.0,16.6,29.8,40.7,97,9,0,24.3,41.22,0
71.95284043300441,52.3,30.76468091559308,11.6,70.8,68.9,30.688924246489492,64.60402483083931,16.8,73.8,91.0,97,9,57,0.0,57.56,1
48.9,51.2,15.151,7.9,48.0,51.8,19.014,0.0,14.9,31.6,42.0,97,9,0,29.6,34.33,0
49.9,58.6,29.104,26.9,43.0,46.7,20.832,0.0,16.6,29.8,40.8,97,9,1,110.9,8.96,0
74.06256877903388,47.6,19.20719996537605,6.9,61.5,70.3,37.53868198658776,60.39071886361066,17.7,90.0,95.5,97,9,38,43.099999999999994,46.79,1
41.7,42.7,4.821,2.3,42.8,47.0,15.649,0.0,16.9,29.4,40.4,97,9,0,76.6,13.07,0
74.61776044904163,43.5,11.004192027993136,4.3,69.8,71.7,35.78595581084244,47.75080096192471,16.7,73.8,75.9,97,9,38,0.0,65.58,1
42.9,44.1,7.534,3.6,43.8,47.7,18.16,0.0,15.0,29.2,39.8,97,9,0,25.0,39.93,0
76.61645046106952,55.7,33.16420750273982,15.8,76.5,69.5,34.240088512719616,43.53749499469606,15.1,70.0,71.8,97,9,57,0.0,65.87,1
44.0,45.1,8.537,4.3,44.5,48.4,17.12,0.0,18.0,30.7,42.1,97,9,0,21.7,44.64,0
43.7,45.1,9.387,7.2,43.9,48.2,18.961,0.0,17.5,29.5,40.6,97,9,0,162.5,6.13,0
45.8,48.4,10.84,7.8,45.9,49.4,16.228,0.0,15.7,29.7,40.5,97,9,0,11.4,88.82,0
71.61972543099976,46.6,19.08545340184025,7.4,68.2,69.9,34.346052525502934,67.41289547565842,16.0,72.1,83.9,97,9,56,137.0,28.06,1
43.1,44.4,8.685,4.6,43.6,49.5,33.725,0.0,17.1,29.5,40.7,97,9,0,10.3,96.88,0
